,filename,imageID,xy_pix_size,z_pix_size,PinholeSize,ch_size,channels
0,20160526_002223.mvd2 [20160526_CPTI-002223_MB_larvae1_1],151287,0.13888805165151769,0.35,0,4,"[0, 0, 0, 0, 'Far-Red 7', 'GFP', 'DAPI', 'RFP']"
1,20160526_002223.mvd2 [20160526_CPTI-002223_MB_larvae2_3],151289,0.13888805165151769,0.35,0,4,"[0, 0, 0, 0, 'Far-Red 7', 'GFP', 'DAPI', 'RFP']"
2,20160712_Atpalpha_Venus_Dlg_DAPI_20X_2.ome.tiff,169064,0.418,0.5,0,4,"[0, 0, 0, 0, 'Far Red', 'RFP', 'GFP', 'DAPI']"
3,20160712_Atpalpha_Venus_Dlg_DAPI_MB_2.ome.tiff,169066,0.139,0.35,0,4,"[0, 0, 0, 0, 'Far Red', 'RFP', 'GFP', 'DAPI']"
4,20160712_Atpalpha_Venus_Dlg_DAPI_NB_2.ome.tiff,169069,0.139,0.35,0,4,"[0, 0, 0, 0, 'Far Red', 'RFP', 'GFP', 'DAPI']"
5,20160712_Atpalpha_Venus_Dlg_DAPI_OL_2.ome.tiff,169071,0.139,0.35,0,4,"[0, 0, 0, 0, 'Far Red', 'RFP', 'GFP', 'DAPI']"
6,20160712_Atpalpha_Venus_Dlg_DAPI_VNC_2.ome.tiff,169073,0.139,0.35,0,4,"[0, 0, 0, 0, 'Far Red', 'RFP', 'GFP', 'DAPI']"
7,20160712_Shot_Venus_Dlg_DAPI_20X_1.ome.tiff,169090,0.418,0.5,0,4,"[0, 0, 0, 0, 'Far Red', 'RFP', 'GFP', 'DAPI']"
8,20160715_Amph_Venus_Dlg_Syp_DAPI_20X_2.ome.tiff,169391,0.418,0.5,0,3,"[0, 0, 0, 0, 'RFP', 'GFP', 'DAPI', 0]"
9,20160715_Amph_Venus_Dlg_Syp_DAPI_MB_2.ome.tiff,169393,0.139,0.35,0,4,"[0, 0, 0, 0, 'Far Red', 'RFP', 'GFP', 'DAPI']"
10,20160715_Amph_Venus_Dlg_Syp_DAPI_NB_2.ome.tiff,169395,0.139,0.35,0,4,"[0, 0, 0, 0, 'Far Red', 'RFP', 'GFP', 'DAPI']"
11,20160715_Amph_Venus_Dlg_Syp_DAPI_OL_2.ome.tiff,169397,0.139,0.5,0,4,"[0, 0, 0, 0, 'Far Red', 'RFP', 'GFP', 'DAPI']"
12,20160715_Amph_Venus_Dlg_Syp_DAPI_VNC_1.ome.tiff,169398,0.139,0.5,0,4,"[0, 0, 0, 0, 'Far Red', 'RFP', 'GFP', 'DAPI']"
13,20160715_CaMKII_Venus_Dlg_Syp_DAPI_20X_1.ome.tiff,169400,0.418,0.5,0,3,"[0, 0, 0, 0, 'RFP', 'GFP', 'DAPI', 0]"
14,20160721_Dlg1_Venus_Dlg_Syp_DAPI_20X_1.ome.tiff,170280,0.418,0.5,0,3,"[0, 0, 0, 0, 'RFP', 'GFP', 'DAPI', 0]"
15,20160721_Dlg1_Venus_Dlg_Syp_DAPI_MB_2.ome.tiff,170294,0.139,0.35,0,4,"[0, 0, 0, 0, 'Far Red', 'RFP', 'GFP', 'DAPI']"
16,20160721_Dlg1_Venus_Dlg_Syp_DAPI_NB_2.ome.tiff,170301,0.139,0.35,0,4,"[0, 0, 0, 0, 'Far Red', 'RFP', 'GFP', 'DAPI']"
17,20160721_Dlg1_Venus_Dlg_Syp_DAPI_OL_2.ome.tiff,170307,0.139,0.5,0,4,"[0, 0, 0, 0, 'Far Red', 'RFP', 'GFP', 'DAPI']"
18,20160721_Dlg1_Venus_Dlg_Syp_DAPI_VNC_2.ome.tiff,170310,0.139,0.5,0,4,"[0, 0, 0, 0, 'Far Red', 'RFP', 'GFP', 'DAPI']"
19,20160726_NetA_Venus_Dlg_Syp_DAPI_20X_1.ome.tiff,170432,0.418,0.5,0,3,"[0, 0, 0, 0, 'RFP', 'GFP', 'DAPI', 0]"
20,20160726_NetA_Venus_Dlg_Syp_DAPI_MB_2.ome.tiff,170436,0.139,0.35,0,4,"[0, 0, 0, 0, 'Far Red', 'RFP', 'GFP', 'DAPI']"
21,20160726_NetA_Venus_Dlg_Syp_DAPI_NB_1.ome.tiff,170437,0.139,0.35,0,4,"[0, 0, 0, 0, 'Far Red', 'RFP', 'GFP', 'DAPI']"
22,20160726_NetA_Venus_Dlg_Syp_DAPI_OL_1.ome.tiff,170439,0.139,0.5,0,4,"[0, 0, 0, 0, 'Far Red', 'RFP', 'GFP', 'DAPI']"
23,20160726_NetA_Venus_Dlg_Syp_DAPI_VNC_1.ome.tiff,170441,0.139,0.5,0,4,"[0, 0, 0, 0, 'Far Red', 'RFP', 'GFP', 'DAPI']"
24,20160726_Tm1_Venus_Dlg_Syp_DAPI_20X_2.ome.tiff,170529,0.418,0.5,0,3,"[0, 0, 0, 0, 'RFP', 'GFP', 'DAPI', 0]"
25,20160726_Tm1_Venus_Dlg_Syp_DAPI_MB_2.ome.tiff,170533,0.139,0.35,0,4,"[0, 0, 0, 0, 'Far Red', 'RFP', 'GFP', 'DAPI']"
26,20160726_Tm1_Venus_Dlg_Syp_DAPI_NB_1.ome.tiff,170534,0.139,0.35,0,4,"[0, 0, 0, 0, 'Far Red', 'RFP', 'GFP', 'DAPI']"
27,20160726_Tm1_Venus_Dlg_Syp_DAPI_OL_2.ome.tiff,170537,0.139,0.5,0,4,"[0, 0, 0, 0, 'Far Red', 'RFP', 'GFP', 'DAPI']"
28,20160726_Tm1_Venus_Dlg_Syp_DAPI_VNC_2.ome.tiff,170539,0.139,0.5,0,4,"[0, 0, 0, 0, 'Far Red', 'RFP', 'GFP', 'DAPI']"
29,20160728_arm_Venus_Dlg_Syp_DAPI_20X_2.ome.tiff,171347,0.418,0.5,0,3,"[0, 0, 0, 0, 'RFP', 'GFP', 'DAPI', 0]"
30,20160728_arm_Venus_Dlg_Syp_DAPI_MB_3.ome.tiff,171350,0.139,0.35,0,4,"[0, 0, 0, 0, 'Far Red', 'RFP', 'GFP', 'DAPI']"
31,20160728_arm_Venus_Dlg_Syp_DAPI_NB_3.ome.tiff,171353,0.139,0.35,0,4,"[0, 0, 0, 0, 'Far Red', 'RFP', 'GFP', 'DAPI']"
32,20160728_arm_Venus_Dlg_Syp_DAPI_OL_3.ome.tiff,171356,0.139,0.5,0,4,"[0, 0, 0, 0, 'Far Red', 'RFP', 'GFP', 'DAPI']"
33,20160728_arm_Venus_Dlg_Syp_DAPI_VNC_2.ome.tiff,171358,0.139,0.5,0,4,"[0, 0, 0, 0, 'Far Red', 'RFP', 'GFP', 'DAPI']"
34,20160728_Fas2_Venus_Dlg_Syp_DAPI_20X_2.ome.tiff,171361,0.418,0.5,0,3,"[0, 0, 0, 0, 'RFP', 'GFP', 'DAPI', 0]"
35,20160728_Fas2_Venus_Dlg_Syp_DAPI_MB_2.ome.tiff,171363,0.139,0.35,0,4,"[0, 0, 0, 0, 'Far Red', 'RFP', 'GFP', 'DAPI']"
36,20160728_Fas2_Venus_Dlg_Syp_DAPI_NB_1.ome.tiff,171364,0.139,0.35,0,4,"[0, 0, 0, 0, 'Far Red', 'RFP', 'GFP', 'DAPI']"
37,20160728_Fas2_Venus_Dlg_Syp_DAPI_OL_1.ome.tiff,171366,0.139,0.5,0,4,"[0, 0, 0, 0, 'Far Red', 'RFP', 'GFP', 'DAPI']"
38,20160728_Fas2_Venus_Dlg_Syp_DAPI_VNC_2.ome.tiff,171369,0.139,0.5,0,4,"[0, 0, 0, 0, 'Far Red', 'RFP', 'GFP', 'DAPI']"
39,20160728_I(1)G0232_Venus_Dlg_Syp_DAPI_20X_2.ome.tiff,171371,0.418,0.5,0,3,"[0, 0, 0, 0, 'RFP', 'GFP', 'DAPI', 0]"
40,20160728_I(1)G0232_Venus_Dlg_Syp_DAPI_MB_2.ome.tiff,171373,0.139,0.35,0,4,"[0, 0, 0, 0, 'Far Red', 'RFP', 'GFP', 'DAPI']"
41,20160728_I(1)G0232_Venus_Dlg_Syp_DAPI_NB_1.ome.tiff,171374,0.139,0.35,0,4,"[0, 0, 0, 0, 'Far Red', 'RFP', 'GFP', 'DAPI']"
42,20160728_I(1)G0232_Venus_Dlg_Syp_DAPI_OL_2.ome.tiff,171377,0.139,0.5,0,4,"[0, 0, 0, 0, 'Far Red', 'RFP', 'GFP', 'DAPI']"
43,20160728_I(1)G0232_Venus_Dlg_Syp_DAPI_VNC_2.ome.tiff,171379,0.139,0.5,0,4,"[0, 0, 0, 0, 'Far Red', 'RFP', 'GFP', 'DAPI']"
44,20160803_Trxr-1_Venus_Dlg_Syp_DAPI_NB_1.ome.tiff,171639,0.139,0.35,0,4,"[0, 0, 0, 0, 'Far Red', 'RFP', 'GFP', 'DAPI']"
45,20160803_Trxr-1_Venus_Dlg_Syp_DAPI_MB_2.ome.tiff,171648,0,0.35,0,4,"[0, 0, 0, 0, 'Far Red', 'RFP', 'GFP', 'DAPI']"
46,20160803_Trxr-1_Venus_Dlg_Syp_DAPI_VNC_2.ome.tiff,171671,0,0.5,0,4,"[0, 0, 0, 0, 'Far Red', 'RFP', 'GFP', 'DAPI']"
47,20160803_Trxr-1_Venus_Dlg_Syp_DAPI_OL_2.ome.tiff,171672,0,0.5,0,4,"[0, 0, 0, 0, 'Far Red', 'RFP', 'GFP', 'DAPI']"
48,20160803_Trxr-1_Venus_Dlg_Syp_DAPI_20x_1.ome.tiff,171673,0.418,0.5,0,3,"[0, 0, 0, 0, 'RFP', 'GFP', 'DAPI', 0]"
49,20160805_Fas3_Gprk2_ia2_Nrx-IV_tkv.mvd2 [20160805_Gprk2_Venus_Dlg_Syp_DAPI_20x_1],172029,0.41839539265530395,0.5,0,3,"[0, 0, 0, 0, 'RFP', 'GFP', 'DAPI', 0]"
50,20160805_Fas3_Gprk2_ia2_Nrx-IV_tkv.mvd2 [20160805_ia2_Venus_Dlg_Syp_DAPI_20x_2],172034,1.0,0.5,0,3,"[0, 0, 0, 0, 'RFP', 'GFP', 'DAPI', 0]"
51,20160805_Fas3_Gprk2_ia2_Nrx-IV_tkv.mvd2 [20160805_tkv_Venus_Dlg_Syp_DAPI_20x_1],172037,0.41839539265530395,0.5,0,3,"[0, 0, 0, 0, 'RFP', 'GFP', 'DAPI', 0]"
52,20160805_Fas3_Gprk2_ia2_Nrx-IV_tkv.mvd2 [20160805_Gprk2_Venus_Dlg_Syp_DAPI_MB_1],172047,0.13888805165151769,0.35,0,4,"[0, 0, 0, 0, 'Far Red', 'RFP', 'GFP', 'DAPI']"
53,20160805_Fas3_Gprk2_ia2_Nrx-IV_tkv.mvd2 [20160805_Gprk2_Venus_Dlg_Syp_DAPI_NB_1],172048,0.13888805165151769,0.35,0,4,"[0, 0, 0, 0, 'Far Red', 'RFP', 'GFP', 'DAPI']"
54,20160805_Fas3_Gprk2_ia2_Nrx-IV_tkv.mvd2 [20160805_Gprk2_Venus_Dlg_Syp_DAPI_OL_1],172049,0.13888805165151769,0.5,0,4,"[0, 0, 0, 0, 'Far Red', 'RFP', 'GFP', 'DAPI']"
55,20160805_Fas3_Gprk2_ia2_Nrx-IV_tkv.mvd2 [20160805_Gprk2_Venus_Dlg_Syp_DAPI_VNC_1],172050,0.13888805165151769,0.5,0,4,"[0, 0, 0, 0, 'Far Red', 'RFP', 'GFP', 'DAPI']"
56,20160805_Fas3_Gprk2_ia2_Nrx-IV_tkv.mvd2 [20160805_ia2_Venus_Dlg_Syp_DAPI_OL_1],172057,0.13888805165151769,0.5,0,4,"[0, 0, 0, 0, 'Far Red', 'RFP', 'GFP', 'DAPI']"
57,20160805_Fas3_Gprk2_ia2_Nrx-IV_tkv.mvd2 [20160805_ia2_Venus_Dlg_Syp_DAPI_VNC_1],172058,0.13888805165151769,0.5,0,4,"[0, 0, 0, 0, 'Far Red', 'RFP', 'GFP', 'DAPI']"
58,20160805_Fas3_Gprk2_ia2_Nrx-IV_tkv.mvd2 [20160805_ia2_Venus_Dlg_Syp_DAPI_MB_2],172059,0.13888805165151769,0.35,0,4,"[0, 0, 0, 0, 'Far Red', 'RFP', 'GFP', 'DAPI']"
59,20160805_Fas3_Gprk2_ia2_Nrx-IV_tkv.mvd2 [20160805_ia2_Venus_Dlg_Syp_DAPI_NB_2],172060,0.13888805165151769,0.35,0,4,"[0, 0, 0, 0, 'Far Red', 'RFP', 'GFP', 'DAPI']"
60,20160805_Fas3_Gprk2_ia2_Nrx-IV_tkv.mvd2 [20160805_Nrx-IV_Venus_Dlg_Syp_DAPI_MB_1],172067,0.13888805165151769,0.35,0,4,"[0, 0, 0, 0, 'Far Red', 'RFP', 'GFP', 'DAPI']"
61,20160805_Fas3_Gprk2_ia2_Nrx-IV_tkv.mvd2 [20160805_Nrx-IV_Venus_Dlg_Syp_DAPI_NB_1],172068,0.13888805165151769,0.35,0,4,"[0, 0, 0, 0, 'Far Red', 'RFP', 'GFP', 'DAPI']"
62,20160805_Fas3_Gprk2_ia2_Nrx-IV_tkv.mvd2 [20160805_Nrx-IV_Venus_Dlg_Syp_DAPI_OL_1],172069,0.13888805165151769,0.5,0,4,"[0, 0, 0, 0, 'Far Red', 'RFP', 'GFP', 'DAPI']"
63,20160805_Fas3_Gprk2_ia2_Nrx-IV_tkv.mvd2 [20160805_tkv_Venus_Dlg_Syp_DAPI_MB_1],172075,0.13888805165151769,0.35,0,4,"[0, 0, 0, 0, 'Far Red', 'RFP', 'GFP', 'DAPI']"
64,20160805_Fas3_Gprk2_ia2_Nrx-IV_tkv.mvd2 [20160805_tkv_Venus_Dlg_Syp_DAPI_NB_1],172076,0.13888805165151769,0.35,0,4,"[0, 0, 0, 0, 'Far Red', 'RFP', 'GFP', 'DAPI']"
65,20160805_Fas3_Gprk2_ia2_Nrx-IV_tkv.mvd2 [20160805_tkv_Venus_Dlg_Syp_DAPI_OL_1],172077,0.13888805165151769,0.5,0,4,"[0, 0, 0, 0, 'Far Red', 'RFP', 'GFP', 'DAPI']"
66,20160805_Fas3_Gprk2_ia2_Nrx-IV_tkv.mvd2 [20160805_tkv_Venus_Dlg_Syp_DAPI_VNC_1],172078,0.13888805165151769,0.5,0,4,"[0, 0, 0, 0, 'Far Red', 'RFP', 'GFP', 'DAPI']"
67,20160810_Nrg_Venus_Dlg_Syp_DAPI_NB_1.ome.tiff,172479,0.139,0.35,0,4,"[0, 0, 0, 0, 'Far Red', 'RFP', 'GFP', 'DAPI']"
68,20160810_Nrg_Venus_Dlg_Syp_DAPI_OL_1.ome.tiff,172482,0.139,0.5,0,4,"[0, 0, 0, 0, 'Far Red', 'RFP', 'GFP', 'DAPI']"
69,20160810_Pxn_Venus_Dlg_Syp_DAPI_MB_2.ome.tiff,172483,0.139,0.35,0,4,"[0, 0, 0, 0, 'Far Red', 'RFP', 'GFP', 'DAPI']"
70,20160810_Nrg_Venus_Dlg_Syp_DAPI_MB_1.ome.tiff,172484,0.139,0.35,0,4,"[0, 0, 0, 0, 'Far Red', 'RFP', 'GFP', 'DAPI']"
71,20160810_Pxn_Venus_Dlg_Syp_DAPI_VNC_1.ome.tiff,172485,0.139,0.5,0,4,"[0, 0, 0, 0, 'Far Red', 'RFP', 'GFP', 'DAPI']"
72,20160810_CG6724_Venus_Dlg_Syp_DAPI_OL_1.ome.tiff,172487,0.139,0.5,0,4,"[0, 0, 0, 0, 'Far Red', 'RFP', 'GFP', 'DAPI']"
73,20160810_Nrg_Venus_Dlg_Syp_DAPI_VNC_1.ome.tiff,172491,0.139,0.5,0,4,"[0, 0, 0, 0, 'Far Red', 'RFP', 'GFP', 'DAPI']"
74,20160810_Pxn_Venus_Dlg_Syp_DAPI_NB_1b.ome.tiff,172492,0.139,0.35,0,4,"[0, 0, 0, 0, 'Far Red', 'RFP', 'GFP', 'DAPI']"
75,20160810_CG6724_Venus_Dlg_Syp_DAPI_NB_1.ome.tiff,172505,0.139,0.35,0,4,"[0, 0, 0, 0, 'Far Red', 'RFP', 'GFP', 'DAPI']"
76,20160810_Dys_Venus_Dlg_Syp_DAPI_VNC_1.ome.tiff,172525,0.139,0.5,0,4,"[0, 0, 0, 0, 'Far Red', 'RFP', 'GFP', 'DAPI']"
77,20160810_CG6724_Venus_Dlg_Syp_DAPI_MB_1.ome.tiff,172539,0.139,0.35,0,4,"[0, 0, 0, 0, 'Far Red', 'RFP', 'GFP', 'DAPI']"
78,20160810_CG6724_Venus_Dlg_Syp_DAPI_VNC_1.ome.tiff,172577,0.139,0.5,0,4,"[0, 0, 0, 0, 'Far Red', 'RFP', 'GFP', 'DAPI']"
79,20160810_Dys_Venus_Dlg_Syp_DAPI_OL_1.ome.tiff,172584,0.139,0.5,0,4,"[0, 0, 0, 0, 'Far Red', 'RFP', 'GFP', 'DAPI']"
80,20160810_Dys_Venus_Dlg_Syp_DAPI_NB_1.ome.tiff,172587,0.139,0.35,0,4,"[0, 0, 0, 0, 'Far Red', 'RFP', 'GFP', 'DAPI']"
81,20160810_Pxn_Venus_Dlg_Syp_DAPI_OL_1.ome.tiff,172589,0.139,0.5,0,4,"[0, 0, 0, 0, 'Far Red', 'RFP', 'GFP', 'DAPI']"
82,20160810_Dys_Venus_Dlg_Syp_DAPI_MB_1.ome.tiff,172592,0.139,0.35,0,4,"[0, 0, 0, 0, 'Far Red', 'RFP', 'GFP', 'DAPI']"
83,20160810_CG6724_Venus_Dlg_Syp_DAPI_20x_1.czi,172596,0.4612587911665528,1.0,0,3,"['561.0', '514.0000000000001', '405.00000000000006', 0, 'ChS2-T1', 'ChS1-T2', 'Ch1-T3', 0]"
84,20160810_Dys_Venus_Dlg_Syp_DAPI_20x.czi,172598,0.4612587911665528,1.0,0,3,"['561.0', '514.0000000000001', '405.00000000000006', 0, 'ChS2-T1', 'ChS1-T2', 'Ch1-T3', 0]"
85,20160810_Nrg_Venus_Dlg_Syp_DAPI_20x_1.czi,172600,0.4612587911665528,1.0,0,3,"['561.0', '514.0000000000001', '405.00000000000006', 0, 'ChS2-T1', 'ChS1-T2', 'Ch1-T3', 0]"
86,20160810_Pxn_Venus_Dlg_Syp_DAPI_20x_1.czi,172602,0.4612587911665528,1.0,0,3,"['561.0', '514.0000000000001', '405.00000000000006', 0, 'ChS2-T1', 'ChS1-T2', 'Ch1-T3', 0]"
87,20160815_aop_Imp_stai_tau.mvd2 [20160815_aop_Venus_Dlg_Syp_DAPI_NB_2],172844,0.13888805165151769,0.35,0,4,"[0, 0, 0, 0, 'Far Red', 'RFP', 'GFP', 'DAPI']"
88,20160815_aop_Imp_stai_tau.mvd2 [20160815_aop_Venus_Dlg_Syp_DAPI_OL_2],172845,0.13888805165151769,0.5,0,4,"[0, 0, 0, 0, 'Far Red', 'RFP', 'GFP', 'DAPI']"
89,20160815_aop_Imp_stai_tau.mvd2 [20160815_aop_Venus_Dlg_Syp_DAPI_VNC_2],172846,0.13888805165151769,0.5,0,4,"[0, 0, 0, 0, 'Far Red', 'RFP', 'GFP', 'DAPI']"
90,20160815_aop_Imp_stai_tau.mvd2 [20160815_Imp_Venus_Dlg_Syp_DAPI_NB_1],172848,0.13888805165151769,0.35,0,4,"[0, 0, 0, 0, 'Far Red', 'RFP', 'GFP', 'DAPI']"
91,20160815_aop_Imp_stai_tau.mvd2 [20160815_stai_Venus_Dlg_Syp_DAPI_MB_1],172855,0.13888805165151769,0.35,0,4,"[0, 0, 0, 0, 'Far Red', 'RFP', 'GFP', 'DAPI']"
92,20160815_aop_Imp_stai_tau.mvd2 [20160815_stai_Venus_Dlg_Syp_DAPI_NB_1],172856,0.13888805165151769,0.35,0,4,"[0, 0, 0, 0, 'Far Red', 'RFP', 'GFP', 'DAPI']"
93,20160815_aop_Imp_stai_tau.mvd2 [20160815_stai_Venus_Dlg_Syp_DAPI_OL_1],172857,0.13888805165151769,0.5,0,4,"[0, 0, 0, 0, 'Far Red', 'RFP', 'GFP', 'DAPI']"
94,20160815_aop_Imp_stai_tau.mvd2 [20160815_stai_Venus_Dlg_Syp_DAPI_VNC_1],172858,0.13888805165151769,0.5,0,4,"[0, 0, 0, 0, 'Far Red', 'RFP', 'GFP', 'DAPI']"
95,20160815_aop_Imp_stai_tau.mvd2 [20160815_tau_Venus_Dlg_Syp_DAPI_MB_1],172863,0.13888805165151769,0.35,0,4,"[0, 0, 0, 0, 'Far Red', 'RFP', 'GFP', 'DAPI']"
96,20160815_aop_Imp_stai_tau.mvd2 [20160815_tau_Venus_Dlg_Syp_DAPI_VNC_1],172866,0.13888805165151769,0.5,0,4,"[0, 0, 0, 0, 'Far Red', 'RFP', 'GFP', 'DAPI']"
97,20160815_aop_Imp_stai_tau.mvd2 [20160815_tau_Venus_Dlg_Syp_DAPI_NB_2],172868,0.13888805165151769,0.35,0,4,"[0, 0, 0, 0, 'Far Red', 'RFP', 'GFP', 'DAPI']"
98,20160815_aop_Imp_stai_tau.mvd2 [20160815_tau_Venus_Dlg_Syp_DAPI_OL_2],172869,0.13888805165151769,0.5,0,4,"[0, 0, 0, 0, 'Far Red', 'RFP', 'GFP', 'DAPI']"
99,20160815_aop_Imp_stai_tau.mvd2 [20160815_tau_Venus_Dlg_Syp_DAPI_dorsal_calyx_1 2],172872,0.13888805165151769,0.35,0,4,"[0, 0, 0, 0, 'Far Red', 'RFP', 'GFP', 'DAPI']"
100,20160815_aop_Venus_Dlg_Syp_DAPI_20x_2.czi,172924,0.4612587911665528,1.0,0,3,"['561.0', '514.0000000000001', '405.00000000000006', 0, 'ChS2-T2', 'ChS1-T3', 'Ch1-T4', 0]"
101,20160815_Imp_Venus_Dlg_Syp_DAPI_20x_1.czi,172925,0.4612587911665528,1.0,0,3,"['561.0', '514.0000000000001', '405.00000000000006', 0, 'ChS2-T2', 'ChS1-T3', 'Ch1-T4', 0]"
102,20160815_stai_Venus_Dlg_Syp_DAPI_20x_1.czi,172927,0.4612587911665528,1.0,0,3,"['561.0', '514.0000000000001', '405.00000000000006', 0, 'ChS2-T2', 'ChS1-T3', 'Ch1-T4', 0]"
103,20160815_tau_Venus_Dlg_Syp_DAPI_20x_1.czi,172929,0.4612587911665528,1.0,0,3,"['561.0', '514.0000000000001', '405.00000000000006', 0, 'ChS2-T2', 'ChS1-T3', 'Ch1-T4', 0]"
104,20160817_pum_Src64B_Tm1_trol_Vap-33-1.mvd2 [20160817_pum_Venus_Dlg_Syp_DAPI_MB_1],173253,0.13888805165151769,0.35,0,4,"[0, 0, 0, 0, 'Far Red', 'RFP', 'GFP', 'DAPI']"
105,20160817_pum_Src64B_Tm1_trol_Vap-33-1.mvd2 [20160817_pum_Venus_Dlg_Syp_DAPI_OL_1],173255,0.13888805165151769,0.5,0,4,"[0, 0, 0, 0, 'Far Red', 'RFP', 'GFP', 'DAPI']"
106,20160817_pum_Src64B_Tm1_trol_Vap-33-1.mvd2 [20160817_pum_Venus_Dlg_Syp_DAPI_VNC_1],173256,0.13888805165151769,0.5,0,4,"[0, 0, 0, 0, 'Far Red', 'RFP', 'GFP', 'DAPI']"
107,20160817_pum_Src64B_Tm1_trol_Vap-33-1.mvd2 [20160817_pum_Venus_Dlg_Syp_DAPI_NB_2],173258,0.13888805165151769,0.35,0,4,"[0, 0, 0, 0, 'Far Red', 'RFP', 'GFP', 'DAPI']"
108,20160817_pum_Src64B_Tm1_trol_Vap-33-1.mvd2 [20160817_Src64B_Venus_Dlg_Syp_DAPI_MB_1],173261,0.13888805165151769,0.35,0,4,"[0, 0, 0, 0, 'Far Red', 'RFP', 'GFP', 'DAPI']"
109,20160817_pum_Src64B_Tm1_trol_Vap-33-1.mvd2 [20160817_Src64B_Venus_Dlg_Syp_DAPI_NB_1],173262,0.13888805165151769,0.35,0,4,"[0, 0, 0, 0, 'Far Red', 'RFP', 'GFP', 'DAPI']"
110,20160817_pum_Src64B_Tm1_trol_Vap-33-1.mvd2 [20160817_Src64B_Venus_Dlg_Syp_DAPI_OL_1],173263,0.13888805165151769,0.5,0,4,"[0, 0, 0, 0, 'Far Red', 'RFP', 'GFP', 'DAPI']"
111,20160817_pum_Src64B_Tm1_trol_Vap-33-1.mvd2 [20160817_Src64B_Venus_Dlg_Syp_DAPI_VNC_1],173264,0.13888805165151769,0.5,0,4,"[0, 0, 0, 0, 'Far Red', 'RFP', 'GFP', 'DAPI']"
112,20160817_pum_Src64B_Tm1_trol_Vap-33-1.mvd2 [20160817_trol_Venus_Dlg_Syp_DAPI_VNC_1],173282,0.13888805165151769,0.5,0,4,"[0, 0, 0, 0, 'Far Red', 'RFP', 'GFP', 'DAPI']"
113,20160817_pum_Src64B_Tm1_trol_Vap-33-1.mvd2 [20160817_trol_Venus_Dlg_Syp_DAPI_MB_2a],173283,0.13888805165151769,0.35,0,4,"[0, 0, 0, 0, 'Far Red', 'RFP', 'GFP', 'DAPI']"
114,20160817_pum_Src64B_Tm1_trol_Vap-33-1.mvd2 [20160817_trol_Venus_Dlg_Syp_DAPI_NB_2],173285,0.13888805165151769,0.35,0,4,"[0, 0, 0, 0, 'Far Red', 'RFP', 'GFP', 'DAPI']"
115,20160817_pum_Src64B_Tm1_trol_Vap-33-1.mvd2 [20160817_trol_Venus_Dlg_Syp_DAPI_OL_3],173288,0.13888805165151769,0.5,0,4,"[0, 0, 0, 0, 'Far Red', 'RFP', 'GFP', 'DAPI']"
116,20160817_pum_Src64B_Tm1_trol_Vap-33-1.mvd2 [20160817_trol_Venus_Dlg_Syp_DAPI_dorsal_calyx_2],173291,0.13888805165151769,0.35,0,4,"[0, 0, 0, 0, 'Far Red', 'RFP', 'GFP', 'DAPI']"
117,20160817_pum_Src64B_Tm1_trol_Vap-33-1.mvd2 [20160817_pum_Venus_Dlg_Syp_DAPI_dorsal_calyx_1],173301,0.13888805165151769,0.5,0,4,"[0, 0, 0, 0, 'Far Red', 'RFP', 'GFP', 'DAPI']"
118,20160817_trol_Venus_Dlg_Syp_DAPI_20x_1.czi,173307,0.4612587911665528,1.0,0,3,"['561.0', '514.0000000000001', '405.00000000000006', 0, 'ChS2-T2', 'ChS1-T3', 'Ch1-T4', 0]"
119,20160817_pum_Venus_Dlg_Syp_DAPI_20x_1.czi,173309,0.4612587911665528,1.0,0,3,"['561.0', '514.0000000000001', '405.00000000000006', 0, 'ChS2-T2', 'ChS1-T3', 'Ch1-T4', 0]"
120,20160817_Src64B_Venus_Dlg_Syp_DAPI_20x_2.czi,173310,0.4612587911665528,1.0,0,3,"['561.0', '514.0000000000001', '405.00000000000006', 0, 'ChS2-T2', 'ChS1-T3', 'Ch1-T4', 0]"
121,20160823_OrR_CaMKII_Cip4_N_Rab1.mvd2 [20160823_Rab1_Venus_Dlg_Syp_DAPI_20x_1],173446,0.41839539265530395,0.5,0,3,"[0, 0, 0, 0, 'RFP', 'GFP', 'DAPI', 0]"
122,20160823_OrR_CaMKII_Cip4_N_Rab1.mvd2 [20160823_N_Venus_Dlg_Syp_DAPI_20x_1],173448,0.41839539265530395,0.5,0,3,"[0, 0, 0, 0, 'RFP', 'GFP', 'DAPI', 0]"
123,20160823_OrR_CaMKII_Cip4_N_Rab1.mvd2 [20160823_Cip4_Venus_Dlg_Syp_DAPI_20x_1],173450,0.41839539265530395,0.5,0,3,"[0, 0, 0, 0, 'RFP', 'GFP', 'DAPI', 0]"
124,20160823_OrR_CaMKII_Cip4_N_Rab1.mvd2 [20160823_CaMKII_Venus_Dlg_Syp_DAPI_NB_1],173454,0.13888805165151769,0.35,0,4,"[0, 0, 0, 0, 'Far Red', 'RFP', 'GFP', 'DAPI']"
125,20160823_OrR_CaMKII_Cip4_N_Rab1.mvd2 [20160823_CaMKII_Venus_Dlg_Syp_DAPI_MB_2],173457,0.13888805165151769,0.35,0,4,"[0, 0, 0, 0, 'Far Red', 'RFP', 'GFP', 'DAPI']"
126,20160823_OrR_CaMKII_Cip4_N_Rab1.mvd2 [20160823_CaMKII_Venus_Dlg_Syp_DAPI_OL_2],173459,0.13888805165151769,0.5,0,4,"[0, 0, 0, 0, 'Far Red', 'RFP', 'GFP', 'DAPI']"
127,20160823_OrR_CaMKII_Cip4_N_Rab1.mvd2 [20160823_CaMKII_Venus_Dlg_Syp_DAPI_VNC_2],173460,0.13888805165151769,0.5,0,4,"[0, 0, 0, 0, 'Far Red', 'RFP', 'GFP', 'DAPI']"
128,20160823_OrR_CaMKII_Cip4_N_Rab1.mvd2 [20160823_OrR_Venus_Dlg_Syp_DAPI_NB_1],173462,0.13888805165151769,0.35,0,4,"[0, 0, 0, 0, 'Far Red', 'RFP', 'GFP', 'DAPI']"
129,20160823_OrR_CaMKII_Cip4_N_Rab1.mvd2 [20160823_OrR_Venus_Dlg_Syp_DAPI_OL_1],173463,0.13888805165151769,0.5,0,4,"[0, 0, 0, 0, 'Far Red', 'RFP', 'GFP', 'DAPI']"
130,20160823_OrR_CaMKII_Cip4_N_Rab1.mvd2 [20160823_OrR_Venus_Dlg_Syp_DAPI_VNC_1],173464,0.13888805165151769,0.5,0,4,"[0, 0, 0, 0, 'Far Red', 'RFP', 'GFP', 'DAPI']"
131,20160823_OrR_CaMKII_Cip4_N_Rab1.mvd2 [20160823_OrR_Venus_Dlg_Syp_DAPI_MB_2],173465,0.13888805165151769,0.35,0,4,"[0, 0, 0, 0, 'Far Red', 'RFP', 'GFP', 'DAPI']"
132,20160823_OrR_CaMKII_Cip4_N_Rab1.mvd2 [20160823_CaMKII_Venus_Dlg_Syp_DAPI_dorsal_calyx_1_right_lobe],173470,0.13888805165151769,0.35,0,4,"[0, 0, 0, 0, 'Far Red', 'RFP', 'GFP', 'DAPI']"
133,20160823_OrR_CaMKII_Cip4_N_Rab1.mvd2 [20160823_OrR_Venus_Dlg_Syp_DAPI_dorsal_calyx_1],173471,0.13888805165151769,0.35,0,4,"[0, 0, 0, 0, 'Far Red', 'RFP', 'GFP', 'DAPI']"
134,20160823_OrR_CaMKII_Cip4_N_Rab1.mvd2 [20160823_Cip4_Venus_Dlg_Syp_DAPI_MB_1],173473,0.13888805165151769,0.35,0,4,"[0, 0, 0, 0, 'Far Red', 'RFP', 'GFP', 'DAPI']"
135,20160823_OrR_CaMKII_Cip4_N_Rab1.mvd2 [20160823_Cip4_Venus_Dlg_Syp_DAPI_NB_1],173474,0.13888805165151769,0.35,0,4,"[0, 0, 0, 0, 'Far Red', 'RFP', 'GFP', 'DAPI']"
136,20160823_OrR_CaMKII_Cip4_N_Rab1.mvd2 [20160823_Cip4_Venus_Dlg_Syp_DAPI_OL_1],173475,0.13888805165151769,0.5,0,4,"[0, 0, 0, 0, 'Far Red', 'RFP', 'GFP', 'DAPI']"
137,20160823_OrR_CaMKII_Cip4_N_Rab1.mvd2 [20160823_Cip4_Venus_Dlg_Syp_DAPI_VNC_1],173476,0.13888805165151769,0.5,0,4,"[0, 0, 0, 0, 'Far Red', 'RFP', 'GFP', 'DAPI']"
138,20160823_OrR_CaMKII_Cip4_N_Rab1.mvd2 [20160823_Cip4_Venus_Dlg_Syp_DAPI_dorsal_calyx_1],173481,0.13888805165151769,0.5,0,4,"[0, 0, 0, 0, 'Far Red', 'RFP', 'GFP', 'DAPI']"
139,20160823_OrR_CaMKII_Cip4_N_Rab1.mvd2 [20160823_N_Venus_Dlg_Syp_DAPI_MB_1],173483,0.13888805165151769,0.35,0,4,"[0, 0, 0, 0, 'Far Red', 'RFP', 'GFP', 'DAPI']"
140,20160823_OrR_CaMKII_Cip4_N_Rab1.mvd2 [20160823_N_Venus_Dlg_Syp_DAPI_NB_1],173484,0.13888805165151769,0.35,0,4,"[0, 0, 0, 0, 'Far Red', 'RFP', 'GFP', 'DAPI']"
141,20160823_OrR_CaMKII_Cip4_N_Rab1.mvd2 [20160823_N_Venus_Dlg_Syp_DAPI_OL_1],173485,0.13888805165151769,0.5,0,4,"[0, 0, 0, 0, 'Far Red', 'RFP', 'GFP', 'DAPI']"
142,20160823_OrR_CaMKII_Cip4_N_Rab1.mvd2 [20160823_N_Venus_Dlg_Syp_DAPI_VNC_1],173486,0.13888805165151769,0.5,0,4,"[0, 0, 0, 0, 'Far Red', 'RFP', 'GFP', 'DAPI']"
143,20160823_OrR_CaMKII_Cip4_N_Rab1.mvd2 [20160823_N_Venus_Dlg_Syp_DAPI_dorsal_calyx_1],173491,0.13888805165151769,0.35,0,4,"[0, 0, 0, 0, 'Far Red', 'RFP', 'GFP', 'DAPI']"
144,20160823_OrR_CaMKII_Cip4_N_Rab1.mvd2 [20160823_Rab1_Venus_Dlg_Syp_DAPI_NB_1],173494,0.13888805165151769,0.35,0,4,"[0, 0, 0, 0, 'Far Red', 'RFP', 'GFP', 'DAPI']"
145,20160823_OrR_CaMKII_Cip4_N_Rab1.mvd2 [20160823_Rab1_Venus_Dlg_Syp_DAPI_OL_1],173495,0.13888805165151769,0.5,0,4,"[0, 0, 0, 0, 'Far Red', 'RFP', 'GFP', 'DAPI']"
146,20160823_OrR_CaMKII_Cip4_N_Rab1.mvd2 [20160823_Rab1_Venus_Dlg_Syp_DAPI_VNC_1],173496,0.13888805165151769,0.5,0,4,"[0, 0, 0, 0, 'Far Red', 'RFP', 'GFP', 'DAPI']"
147,20160823_OrR_CaMKII_Cip4_N_Rab1.mvd2 [20160823_Rab1_Venus_Dlg_Syp_DAPI_MB_2],173497,0.13888805165151769,0.35,0,4,"[0, 0, 0, 0, 'Far Red', 'RFP', 'GFP', 'DAPI']"
148,20160823_OrR_CaMKII_Cip4_N_Rab1.mvd2 [20160823_Rab1_Venus_Dlg_Syp_DAPI_dorsal_calyx_1],173501,0.13888805165151769,0.35,0,4,"[0, 0, 0, 0, 'Far Red', 'RFP', 'GFP', 'DAPI']"
149,2016Oct12_Alh_YFP_dlg_syp_20x_3.czi,191642,1.037832280124744,6.0,0,3,"['405.00000000000006', '561.0', '488.00000000000006', 0, 'ChS1-T1', 'ChS3-T2', 'ChS2-T3', 0]"
150,2016Oct14_Bmm_YFP_dlg_1%PFA_1.czi,193561,1.037832280124744,5.0,0,3,"['405.00000000000006', '561.0', '488.00000000000006', 0, 'ChS1-T1', 'ChS3-T2', 'ChS2-T3', 0]"
151,2016Oct12_ATPsynBeta_YFP_dlg_syp_60x_VNC.ome.tif,193856,0.13888805165151769,0.4,0,4,"[0, 0, 0, 0, 'FarRed', 'RFP', 'GFP', 'DAPI']"
152,2016Oct14_ced12_YFP_dlg_syp_1%PFA_CB1_dorsal_60x.ome.tif,193867,0.13888805165151769,0.4,0,4,"[0, 0, 0, 0, 'FarRed', 'RFP', 'GFP', 'DAPI']"
153,2016Oct14_ced12_YFP_dlg_syp_1%PFA_CB_lobes_ventral_60x.ome.tif,193869,0.13888805165151769,0.4,0,4,"[0, 0, 0, 0, 'FarRed', 'RFP', 'GFP', 'DAPI']"
154,2016Oct14_ced12_YFP_dlg_syp_1%PFA_VNC_dorsal_60x.ome.tif,193872,0.13888805165151769,0.4,0,4,"[0, 0, 0, 0, 'FarRed', 'RFP', 'GFP', 'DAPI']"
155,2016Oct14_OrR_YFP_dlg_syp_1%PFA_VNC_60x.ome.tif,193874,0.13888805165151769,0.4,0,4,"[0, 0, 0, 0, 'FarRed', 'RFP', 'GFP', 'DAPI']"
156,2016Oct17_B4_YFP_dlg_syp_20x_3.czi,193877,1.037832280124744,5.0,0,3,"['405.00000000000006', '561.0', '488.00000000000006', 0, 'ChS1-T1', 'ChS3-T2', 'ChS2-T3', 0]"
157,2016Oct17_ced12_YFP_dlg_syp_20x.czi,193878,1.037832280124744,5.0,0,3,"['405.00000000000006', '561.0', '488.00000000000006', 0, 'ChS1-T1', 'ChS3-T2', 'ChS2-T3', 0]"
158,2016Oct19_ATPsynbeta_syp_dlg_20x.czi,193906,1.037832280124744,5.0,0,3,"['405.00000000000006', '561.0', '488.00000000000006', 0, 'ChS1-T1', 'ChS3-T2', 'ChS2-T3', 0]"
159,2016Oct19_CG11138_YFP_syp_dlg_dorsal_20x_1.czi,193910,1.037832280124744,5.0,0,3,"['405.00000000000006', '561.0', '488.00000000000006', 0, 'ChS1-T1', 'ChS3-T2', 'ChS2-T3', 0]"
160,2016Oct19_ATPsynbeta_syp_dlg_CB_alagen_60x_dorsal.ome.tif,193918,0.13888805165151769,0.4,0,4,"[0, 0, 0, 0, 'FarRed', 'RFP', 'GFP', 'DAPI']"
161,2016Oct19_ATPsynbeta_syp_dlg_CB_calyx_60x_dorsal.ome.tif,193920,0.13888805165151769,0.4,0,4,"[0, 0, 0, 0, 'FarRed', 'RFP', 'GFP', 'DAPI']"
162,2016Oct19_ATPsynbeta_syp_dlg_CB_lobes_60x_ventral_90degr.ome.tif,193921,0.13888805165151769,0.4,0,4,"[0, 0, 0, 0, 'FarRed', 'RFP', 'GFP', 'DAPI']"
163,2016Oct19_ATPsynbeta_syp_dlg_OL_60x_ventral_90degr.ome.tif,193923,0.13888805165151769,0.4,0,4,"[0, 0, 0, 0, 'FarRed', 'RFP', 'GFP', 'DAPI']"
164,2016Oct19_ATPsynbeta_syp_dlg_OL_60x_dorsal.ome.tif,193924,0.13888805165151769,0.4,0,4,"[0, 0, 0, 0, 'FarRed', 'RFP', 'GFP', 'DAPI']"
165,20Oct2016_Bmm_YFP_dlg_syp_VNC_60x.czi,193926,0.3294705651189663,3.0,0,4,"['405.00000000000006', '561.0', '561.0', '488.00000000000006', 'ChS1-T1', 'ChS4-T1', 'ChS3-T2', 'ChS2-T3']"
166,20Oct2016_Bmm_YFP_dlg_syp_OpticLobe_60x.czi,193927,0.3294705651189663,3.0,0,4,"['405.00000000000006', '561.0', '561.0', '488.00000000000006', 'ChS1-T1', 'ChS4-T1', 'ChS3-T2', 'ChS2-T3']"
167,20Oct2016_Bmm_YFP_dlg_syp_CLobe_60x.czi,193928,0.3294705651189663,3.0,0,4,"['405.00000000000006', '561.0', '561.0', '488.00000000000006', 'ChS1-T1', 'ChS4-T1', 'ChS3-T2', 'ChS2-T3']"
168,2016Oct19_CG11138_syp_dlg_CB_calyx_60x_dorsal.ome.tif,193936,0.13888805165151769,0.4,0,4,"[0, 0, 0, 0, 'FarRed', 'RFP', 'GFP', 'DAPI']"
169,2016Oct19_CG11138_syp_dlg_CB_lobes_60x_ventral_weakRNA.ome.tif,193938,0.13888805165151769,0.4,0,4,"[0, 0, 0, 0, 'FarRed', 'RFP', 'GFP', 'DAPI']"
170,2016Oct19_CG11138_syp_dlg_OL_60x_dorsal.ome.tif,193939,0.13888805165151769,0.4,0,4,"[0, 0, 0, 0, 'FarRed', 'RFP', 'GFP', 'DAPI']"
171,2016Oct19_CG11138_syp_dlg_OL_60x_ventral.ome.tif,193940,0.13888805165151769,0.4,0,4,"[0, 0, 0, 0, 'FarRed', 'RFP', 'GFP', 'DAPI']"
172,2016Oct19_CG11138_syp_dlg_VNC_60x_dorsal.ome.tif,193941,0.13888805165151769,0.4,0,4,"[0, 0, 0, 0, 'FarRed', 'RFP', 'GFP', 'DAPI']"
173,2016Oct19_CG11138_syp_dlg_VNC_60x_ventral.ome.tif,193942,0.13888805165151769,0.4,0,4,"[0, 0, 0, 0, 'FarRed', 'RFP', 'GFP', 'DAPI']"
174,2016Oct21_CG9650_CPTI001740_YFP_dlg_cycE_OL_ventral_63x.czi,194114,0.3294705651189663,3.0,0,4,"['405.00000000000006', '561.0', '561.0', '488.00000000000006', 'ChS1-T1', 'ChS4-T1', 'ChS3-T2', 'ChS2-T3']"
175,2016Oct21_CG9650_CPTI001740_YFP_dlg_cycE_VNC_ventral_63x.czi,194115,0.3294705651189663,3.0,0,4,"['405.00000000000006', '561.0', '561.0', '488.00000000000006', 'ChS1-T1', 'ChS4-T1', 'ChS3-T2', 'ChS2-T3']"
176,2016Oct21_CG9650_CPTI001740_YFP_dlg_cycE_CB_ventral_63x.czi,194116,0.3294705651189663,3.0,0,4,"['405.00000000000006', '561.0', '561.0', '488.00000000000006', 'ChS1-T1', 'ChS4-T1', 'ChS3-T2', 'ChS2-T3']"
177,2016Oct21_CG9650_CPTI001740_YFP_dlg_cycE_OL_dorsal_63x.czi,194117,0.3294705651189663,3.0,0,4,"['405.00000000000006', '561.0', '561.0', '488.00000000000006', 'ChS1-T1', 'ChS4-T1', 'ChS3-T2', 'ChS2-T3']"
178,2016Oct21_CG9650_CPTI001740_YFP_dlg_cycE_20x.czi,194118,1.037832280124744,5.0,0,3,"['405.00000000000006', '561.0', '488.00000000000006', 0, 'ChS1-T1', 'ChS3-T2', 'ChS2-T3', 0]"
179,2016Oct21_CG9650_CPTI001740_YFP_dlg_cycE_VNC_dorsal_63x.czi,194119,0.3294705651189663,3.0,0,4,"['405.00000000000006', '561.0', '561.0', '488.00000000000006', 'ChS1-T1', 'ChS4-T1', 'ChS3-T2', 'ChS2-T3']"
180,2016Oct21_CG9650_CPTI001740_YFP_dlg_cycE_CB_dorsal_63x.czi,194120,0.3294705651189663,3.0,0,4,"['405.00000000000006', '561.0', '561.0', '488.00000000000006', 'ChS1-T1', 'ChS4-T1', 'ChS3-T2', 'ChS2-T3']"
181,2016Oct24_CG11576.mvd2 [2016Oct24_CG11576_YFP_dlg_cycE_OL_dorsal_60x],194131,0.13888805165151769,0.4,0,4,"[0, 0, 0, 0, 'FarRed', 'RFP', 'GFP', 'DAPI']"
182,2016Oct24_CG11576.mvd2 [2016Oct24_CG11576_YFP_dlg_cycE_CB_dorsal_2_60x_lowerfarred(40%)],194135,0.13888805165151769,0.4,0,4,"[0, 0, 0, 0, 'FarRed', 'RFP', 'GFP', 'DAPI']"
183,2016Oct24_CG11576.mvd2 [2016Oct24_CG11576_YFP_dlg_cycE_CB_ventral_60x_lowerfarred(40%) 2],194136,0.13888805165151769,0.4,0,4,"[0, 0, 0, 0, 'FarRed', 'RFP', 'GFP', 'DAPI']"
184,2016Oct24_CG11576.mvd2 [2016Oct24_CG11576_YFP_dlg_cycE_OL_ventral_60x_lowerfarred(40%)],194137,0.13888805165151769,0.4,0,4,"[0, 0, 0, 0, 'FarRed', 'RFP', 'GFP', 'DAPI']"
185,2016Oct26_cno.mvd2 [2016Oct26_cno_YFP_dlg_cycE_CB_dorsal_60x],194488,0.13888805165151769,0.4,0,4,"[0, 0, 0, 0, 'FarRed', 'RFP', 'GFP', 'DAPI']"
186,2016Oct26_cno.mvd2 [2016Oct26_cno_YFP_dlg_cycE_OL_dorsal_60x],194489,0.13888805165151769,0.4,0,4,"[0, 0, 0, 0, 'FarRed', 'RFP', 'GFP', 'DAPI']"
187,2016Oct26_cno.mvd2 [2016Oct26_cno_YFP_dlg_cycE_VNC_dorsal_60x],194491,0.13888805165151769,0.4,0,4,"[0, 0, 0, 0, 'FarRed', 'RFP', 'GFP', 'DAPI']"
188,2016Oct26_cno.mvd2 [2016Oct26_cno_YFP_dlg_cycE_CB_ventral_60x],194492,0.13888805165151769,0.4,0,4,"[0, 0, 0, 0, 'FarRed', 'RFP', 'GFP', 'DAPI']"
189,2016Oct26_cno.mvd2 [2016Oct26_cno_YFP_dlg_cycE_OL_ventral_60x],194493,0.13888805165151769,0.4,0,4,"[0, 0, 0, 0, 'FarRed', 'RFP', 'GFP', 'DAPI']"
190,2016Oct26_cno.mvd2 [2016Oct26_cno_YFP_dlg_cycE_VNC_ventral_60x],194494,0.13888805165151769,0.4,0,4,"[0, 0, 0, 0, 'FarRed', 'RFP', 'GFP', 'DAPI']"
191,2016Oct26_cno.mvd2 [2016Oct26_OrR_dlg_cycE_CB_ventrall_60x],194495,0.13888805165151769,0.4,0,4,"[0, 0, 0, 0, 'FarRed', 'RFP', 'GFP', 'DAPI']"
192,2016Oct26_cno.mvd2 [2016Oct26_OrR_dlg_cycE_OL_ventrall_60x],194496,0.13888805165151769,0.4,0,4,"[0, 0, 0, 0, 'FarRed', 'RFP', 'GFP', 'DAPI']"
193,2016Oct26_dek.mvd2 [2016Oct26_dek_YFP_dlg_cycE_CB_ventral_60x],194497,0.13888805165151769,0.4,0,4,"[0, 0, 0, 0, 'FarRed', 'RFP', 'GFP', 'DAPI']"
194,2016Oct26_dek.mvd2 [2016Oct26_dek_YFP_dlg_cycE_OL_ventral_60x],194498,0.13888805165151769,0.4,0,4,"[0, 0, 0, 0, 'FarRed', 'RFP', 'GFP', 'DAPI']"
195,2016Oct26_dek.mvd2 [2016Oct26_dek_YFP_dlg_cycE_VNC_ventral_60x],194499,0.13888805165151769,0.4,0,4,"[0, 0, 0, 0, 'FarRed', 'RFP', 'GFP', 'DAPI']"
196,2016Oct26_dek.mvd2 [2016Oct26_OrR_YFP_dlg_cycE_CB_dorsal_60x],194500,0.13888805165151769,0.4,0,4,"[0, 0, 0, 0, 'FarRed', 'RFP', 'GFP', 'DAPI']"
197,2016Oct26_dek.mvd2 [2016Oct26_dek_YFP_dlg_cycE_CB_ventrall_60x_2],194501,0.13888805165151769,0.4,0,4,"[0, 0, 0, 0, 'FarRed', 'RFP', 'GFP', 'DAPI']"
198,2016Oct26_cno_dlg_cycE_1%PFA_20x.czi,194537,1.037832280124744,3.0,0,3,"['405.00000000000006', '561.0', '488.00000000000006', 0, 'ChS1-T1', 'ChS3-T2', 'ChS2-T3', 0]"
199,2016Oct26_dek_YFP_dlg_cycE_20x_1.czi,194711,1.037832280124744,3.0,0,3,"['405.00000000000006', '561.0', '488.00000000000006', 0, 'ChS1-T1', 'ChS3-T2', 'ChS2-T3', 0]"
200,2016Oct28_CG11920_YFP_dlg_syp.mvd2 [2016Oct28_CG11920_YFP_syp_dlg_dorsal_CB_x60],194720,0.13888805165151769,0.4,0,4,"[0, 0, 0, 0, 'FarRed', 'RFP', 'GFP', 'DAPI']"
201,2016Oct28_CG11920_YFP_dlg_syp.mvd2 [2016Oct28_CG11920_YFP_syp_dlg_dorsal_OL_x60],194721,0.13888805165151769,0.4,0,4,"[0, 0, 0, 0, 'FarRed', 'RFP', 'GFP', 'DAPI']"
202,2016Oct28_CG11920_YFP_dlg_syp.mvd2 [2016Oct28_CG11920_YFP_syp_dlg_dorsal_VNC_x60],194722,0.13888805165151769,0.4,0,4,"[0, 0, 0, 0, 'FarRed', 'RFP', 'GFP', 'DAPI']"
203,2016Oct28_CG11920_YFP_dlg_syp.mvd2 [2016Oct28_CG11920_YFP_syp_dlg_ventral_CB_x60],194723,0.13888805165151769,0.4,0,4,"[0, 0, 0, 0, 'FarRed', 'RFP', 'GFP', 'DAPI']"
204,2016Oct28_CG11920_YFP_dlg_syp.mvd2 [2016Oct28_CG11920_YFP_syp_dlg_ventral_OL_x60],194724,0.13888805165151769,0.4,0,4,"[0, 0, 0, 0, 'FarRed', 'RFP', 'GFP', 'DAPI']"
205,2016Oct28_CG11920_YFP_dlg_syp.mvd2 [2016Oct28_CG11920_YFP_syp_dlg_ventral_VNC_x60],194726,0.13888805165151769,0.4,0,4,"[0, 0, 0, 0, 'FarRed', 'RFP', 'GFP', 'DAPI']"
206,2016Oct28_CG11920_YFP_dlg_syp.mvd2 [2016Oct28_CG11920_YFP_syp_dlg_ventral_anlagen?_x60_2],194728,0.13888805165151769,0.4,0,4,"[0, 0, 0, 0, 'FarRed', 'RFP', 'GFP', 'DAPI']"
207,2016Oct28_ed_YFP_syp_dlg.mvd2 [2016Oct28_ed_YFP_syp_dlg_CB_60x_dorsal],194732,0.13888805165151769,0.4,0,4,"[0, 0, 0, 0, 'FarRed', 'RFP', 'GFP', 'DAPI']"
208,2016Oct28_ed_YFP_syp_dlg.mvd2 [2016Oct28_ed_YFP_syp_dlg_OL_60x_dorsal],194733,0.13888805165151769,0.4,0,4,"[0, 0, 0, 0, 'FarRed', 'RFP', 'GFP', 'DAPI']"
209,2016Oct28_ed_YFP_syp_dlg.mvd2 [2016Oct28_ed_YFP_syp_dlg_VNC_60x_dorsal],194734,0.13888805165151769,0.4,0,4,"[0, 0, 0, 0, 'FarRed', 'RFP', 'GFP', 'DAPI']"
210,2016Oct28_ed_YFP_syp_dlg.mvd2 [2016Oct28_ed_YFP_syp_dlg_anlagen?_60x_dorsal],194735,0.13888805165151769,0.4,0,4,"[0, 0, 0, 0, 'FarRed', 'RFP', 'GFP', 'DAPI']"
211,2016Oct28_ed_YFP_syp_dlg.mvd2 [2016Oct28_ed_YFP_syp_dlg_OL_ventral_60x],194737,0.13888805165151769,0.4,0,4,"[0, 0, 0, 0, 'FarRed', 'RFP', 'GFP', 'DAPI']"
212,2016Oct28_ed_YFP_syp_dlg.mvd2 [2016Oct28_ed_YFP_syp_dlg_VNC_ventral_60x_2],194739,0.13888805165151769,0.4,0,4,"[0, 0, 0, 0, 'FarRed', 'RFP', 'GFP', 'DAPI']"
213,2016Oct28_ed_YFP_syp_dlg.mvd2 [2016Oct28_ed_YFP_syp_dlg_CB_ventral_60x_3],194742,0.13888805165151769,0.4,0,4,"[0, 0, 0, 0, 'FarRed', 'RFP', 'GFP', 'DAPI']"
214,2016Nov01_CG11576__YFP_dlg_syp_x20.czi,194743,1.037832280124744,5.0,0,3,"['405.00000000000006', '561.0', '488.00000000000006', 0, 'ChS1-T1', 'ChS3-T2', 'ChS2-T3', 0]"
215,2016Nov01_CG11920_002443_YFP_dlg_syp_2ul_20x.czi,194744,1.037832280124744,5.0,0,3,"['405.00000000000006', '561.0', '488.00000000000006', 0, 'ChS1-T1', 'ChS3-T2', 'ChS2-T3', 0]"
216,2016Nov01_ed_000616_YFP_dlg_syp_2ul_20x_2.czi,194745,1.037832280124744,5.0,0,3,"['405.00000000000006', '561.0', '488.00000000000006', 0, 'ChS1-T1', 'ChS3-T2', 'ChS2-T3', 0]"
217,2016Nov04_CtsB1_002807_YFP_cycE0.4_dlg_1%PFA_CB_dorsal_63x_orientationodd.czi,194999,0.3294705651189663,3.0,0,4,"['405.00000000000006', '561.0', '561.0', '488.00000000000006', 'ChS1-T1', 'ChS4-T1', 'ChS3-T2', 'ChS2-T3']"
218,2016Nov04_CtsB1_002807_YFP_cycE0.4_dlg_1%PFA_CB_ventral_63x.czi,195000,0.3294705651189663,3.0,0,4,"['405.00000000000006', '561.0', '561.0', '488.00000000000006', 'ChS1-T1', 'ChS4-T1', 'ChS3-T2', 'ChS2-T3']"
219,2016Nov04_CtsB1_002807_YFP_cycE0.4_dlg_1%PFA_OL_dorsal_63x.czi,195001,0.3294705651189663,3.0,0,4,"['405.00000000000006', '561.0', '561.0', '488.00000000000006', 'ChS1-T1', 'ChS4-T1', 'ChS3-T2', 'ChS2-T3']"
220,2016Nov04_CtsB1_002807_YFP_cycE0.4_dlg_1%PFA_OL_ventral_63x.czi,195002,0.3294705651189663,3.0,0,4,"['405.00000000000006', '561.0', '561.0', '488.00000000000006', 'ChS1-T1', 'ChS4-T1', 'ChS3-T2', 'ChS2-T3']"
221,2016Nov04_CtsB1_002807_YFP_cycE0.4_dlg_1%PFA_VNC_dorsal_63x.czi,195003,0.3294705651189663,3.0,0,4,"['405.00000000000006', '561.0', '561.0', '488.00000000000006', 'ChS1-T1', 'ChS4-T1', 'ChS3-T2', 'ChS2-T3']"
222,2016Nov04_B4_100035_repeat.mvd2 [2016Nov04_B4_100035_repeat_CB_calyx_dorsal_60x],195014,0.13888805165151769,0.4,0,4,"[0, 0, 0, 0, 'FarRed', 'RFP', 'GFP', 'DAPI']"
223,2016Nov04_B4_100035_repeat.mvd2 [2016Nov04_B4_100035_repeat_OL_unusualstructure_dorsal_60x],195015,0.13888805165151769,0.4,0,4,"[0, 0, 0, 0, 'FarRed', 'RFP', 'GFP', 'DAPI']"
224,2016Nov04_B4_100035_repeat.mvd2 [2016Nov04_B4_100035_repeat_CB_lobes_ventral_60x],195018,0.13888805165151769,0.4,0,4,"[0, 0, 0, 0, 'FarRed', 'RFP', 'GFP', 'DAPI']"
225,2016Nov04_B4_100035_repeat.mvd2 [2016Nov04_B4_100035_repeat_OL_unusualstructure_ventral_60x],195019,0.13888805165151769,0.4,0,4,"[0, 0, 0, 0, 'FarRed', 'RFP', 'GFP', 'DAPI']"
226,2016Nov04_B4_100035_repeat.mvd2 [2016Nov04_B4_100035_repeat_VNC/CB_ventral_60x],195020,0.13888805165151769,0.4,0,4,"[0, 0, 0, 0, 'FarRed', 'RFP', 'GFP', 'DAPI']"
227,2016Nov01_CtsB1_002807_YFP_dlg_syp_2ul_x20_2.czi,195061,1.037832280124744,5.0,0,3,"['405.00000000000006', '561.0', '488.00000000000006', 0, 'ChS1-T1', 'ChS3-T2', 'ChS2-T3', 0]"
228,2016Nov08_For_000091_dlg_YFP_cycE_20x.czi,195515,1.037832280124744,5.0,0,3,"['405.00000000000006', '561.0', '488.00000000000006', 0, 'ChS1-T1', 'ChS3-T2', 'ChS2-T3', 0]"
229,2016Nov08_For_000091_dlg_YFP_cycE_63x_OL_dorsal_farred75.czi,195516,0.3294705651189663,3.0,0,4,"['405.00000000000006', '561.0', '561.0', '488.00000000000006', 'ChS1-T1', 'ChS4-T1', 'ChS3-T2', 'ChS2-T3']"
230,2016Nov08_For_000091_dlg_YFP_cycE_63x_OL_ventral_farred75.czi,195517,0.3294705651189663,3.0,0,4,"['405.00000000000006', '561.0', '561.0', '488.00000000000006', 'ChS1-T1', 'ChS4-T1', 'ChS3-T2', 'ChS2-T3']"
231,2016Nov08_For_000091_dlg_YFP_cycE_63x_VNC_dorsal_farred75.czi,195519,0.3294705651189663,3.0,0,4,"['405.00000000000006', '561.0', '561.0', '488.00000000000006', 'ChS1-T1', 'ChS4-T1', 'ChS3-T2', 'ChS2-T3']"
232,2016Nov08_For_000091_dlg_YFP_cycE_63x_VNC_ventral_farred75.czi,195520,0.3294705651189663,3.0,0,4,"['405.00000000000006', '561.0', '561.0', '488.00000000000006', 'ChS1-T1', 'ChS4-T1', 'ChS3-T2', 'ChS2-T3']"
233,2016Nov08_For_000091_dlg_YFP_cycE_63x_CB_ventrall_farred75.czi,195521,0.3294705651189663,3.0,0,4,"['405.00000000000006', '561.0', '561.0', '488.00000000000006', 'ChS1-T1', 'ChS4-T1', 'ChS3-T2', 'ChS2-T3']"
234,2016Nov08_OrR_dlg_YFP_cycE_63x_VNC_dorsal_farred75.czi,195522,0.3294705651189663,3.0,0,4,"['405.00000000000006', '561.0', '561.0', '488.00000000000006', 'ChS1-T1', 'ChS4-T1', 'ChS3-T2', 'ChS2-T3']"
235,2016Nov08_For_000091_dlg_YFP_cycE_63x_CB_dorsal_farred65.czi,195523,0.3294705651189663,3.0,0,4,"['405.00000000000006', '561.0', '561.0', '488.00000000000006', 'ChS1-T1', 'ChS4-T1', 'ChS3-T2', 'ChS2-T3']"
236,2016Nov08_OrR_dlg_YFP_cycE_63x_OL_dorsal_farred75.czi,195524,0.3294705651189663,3.0,0,4,"['405.00000000000006', '561.0', '561.0', '488.00000000000006', 'ChS1-T1', 'ChS4-T1', 'ChS3-T2', 'ChS2-T3']"
237,2016Nov08_Alh_003598_repeat_cycE_dlg_YFP_CB_ventral_63xl.czi,195526,0.3294705651189663,3.0,0,4,"['405.00000000000006', '561.0', '561.0', '488.00000000000006', 'ChS1-T1', 'ChS4-T1', 'ChS3-T2', 'ChS2-T3']"
238,2016Nov08_Alh_003598_repeat_cycE_dlg_YFP_VNC_ventral_63x.czi,195527,0.3294705651189663,3.0,0,4,"['405.00000000000006', '561.0', '561.0', '488.00000000000006', 'ChS1-T1', 'ChS4-T1', 'ChS3-T2', 'ChS2-T3']"
239,2016Nov09_Alh_003598_repeat_cycE_dlg_YFP_OL_dorsal_63x_4.45AU_2.7um_75farred_50YFP.czi,195601,0.3294705651189663,3.0,0,4,"['405.00000000000006', '561.0', '561.0', '488.00000000000006', 'ChS1-T1', 'ChS4-T1', 'ChS3-T2', 'ChS2-T3']"
240,2016Nov09_Alh_003598_repeat_cycE_dlg_YFP_VNC_dorsal_63x_4.45AU_2.7um_75farred_50YFP.czi,195604,0.3294705651189663,3.0,0,4,"['405.00000000000006', '561.0', '561.0', '488.00000000000006', 'ChS1-T1', 'ChS4-T1', 'ChS3-T2', 'ChS2-T3']"
241,2016Nov09_Alh_003598_repeat_cycE_dlg_YFP_CB_dorsal_63x_4.45AU_2.7um_75farred_50YFP.czi,195606,0.3294705651189663,3.0,0,4,"['405.00000000000006', '561.0', '561.0', '488.00000000000006', 'ChS1-T1', 'ChS4-T1', 'ChS3-T2', 'ChS2-T3']"
242,2016Nov11_AdenoK_repeat_004071_YFP_dlg_cycE_VNC_dorsal_63x_488nm65%_633nm75%.czi,195911,0.3294705651189663,3.0,0,4,"['405.00000000000006', '561.0', '561.0', '488.00000000000006', 'ChS1-T1', 'ChS4-T1', 'ChS3-T2', 'ChS2-T3']"
243,2016Nov11_AdenoK_repeat_004071_YFP_dlg_cycE_OL_dorsal_63x_488nm65%_633nm75%.czi,195912,0.3294705651189663,3.0,0,4,"['405.00000000000006', '561.0', '561.0', '488.00000000000006', 'ChS1-T1', 'ChS4-T1', 'ChS3-T2', 'ChS2-T3']"
244,2016Nov11_AdenoK_repeat_004071_YFP_dlg_cycE_VNC_ventral_63x_488nm65%_633nm75%.czi,195915,0.3294705651189663,3.0,0,4,"['405.00000000000006', '561.0', '561.0', '488.00000000000006', 'ChS1-T1', 'ChS4-T1', 'ChS3-T2', 'ChS2-T3']"
245,2016Nov11_AdenoK_repeat_004071_YFP_dlg_cycE_CB_ventral_63x_488nm65%_633nm75%.czi,195916,0.3294705651189663,3.0,0,4,"['405.00000000000006', '561.0', '561.0', '488.00000000000006', 'ChS1-T1', 'ChS4-T1', 'ChS3-T2', 'ChS2-T3']"
246,2016Nov11_AdenoK_repeat_004071_YFP_dlg_cycE_CB_dorsal_63x_488nm65%_633nm75%.czi,195917,0.3294705651189663,3.0,0,4,"['405.00000000000006', '561.0', '561.0', '488.00000000000006', 'ChS1-T1', 'ChS4-T1', 'ChS3-T2', 'ChS2-T3']"
247,2016Nov11_AdenoK_repeat_004071_YFP_dlg_cycE_20x_488nm65%.czi,195920,1.037832280124744,5.0,0,3,"['405.00000000000006', '561.0', '488.00000000000006', 0, 'ChS1-T1', 'ChS3-T2', 'ChS2-T3', 0]"
248,2016Nov11_AdenoK_repeat_004071_YFP_dlg_cycE_OL_ventral_63x_488nm65%_633nm75%.czi,195921,0.3294705651189663,3.0,0,4,"['405.00000000000006', '561.0', '561.0', '488.00000000000006', 'ChS1-T1', 'ChS4-T1', 'ChS3-T2', 'ChS2-T3']"
249,2016Nov11_gdh_001709_YFP_dlg_cycE_OL_anlagen_dorsal_63x_488nm30%_farred75%.czi,195923,0.3294705651189663,3.0,0,4,"['405.00000000000006', '561.0', '561.0', '488.00000000000006', 'ChS1-T1', 'ChS4-T1', 'ChS3-T2', 'ChS2-T3']"
250,2016Nov11_gdh_001709_YFP_dlg_cycE_OL_anlagen_ventral_63x_488nm30%_farred75%.czi,195924,0.3294705651189663,3.0,0,4,"['405.00000000000006', '561.0', '561.0', '488.00000000000006', 'ChS1-T1', 'ChS4-T1', 'ChS3-T2', 'ChS2-T3']"
251,2016Nov11_gdh_001709_YFP_dlg_cycE_20x_488nm30%.czi,195925,1.037832280124744,5.0,0,3,"['405.00000000000006', '561.0', '488.00000000000006', 0, 'ChS1-T1', 'ChS3-T2', 'ChS2-T3', 0]"
252,2016Nov11_gdh_001709_YFP_dlg_cycE_VNC_dorsal_63x_488nm30%_farred75%.czi,195926,0.3294705651189663,3.0,0,4,"['405.00000000000006', '561.0', '561.0', '488.00000000000006', 'ChS1-T1', 'ChS4-T1', 'ChS3-T2', 'ChS2-T3']"
253,2016Nov11_OrR_YFP_dlg_cycE_VNC_dorsal_63x_488nm30%_farred75%.czi,195927,0.3294705651189663,5.0,0,4,"['405.00000000000006', '561.0', '561.0', '488.00000000000006', 'ChS1-T1', 'ChS4-T1', 'ChS3-T2', 'ChS2-T3']"
254,2016Nov11_OrR_YFP_dlg_cycE_CB_dorsal_63x_488nm30%_farred75%.czi,195928,0.3294705651189663,5.0,0,4,"['405.00000000000006', '561.0', '561.0', '488.00000000000006', 'ChS1-T1', 'ChS4-T1', 'ChS3-T2', 'ChS2-T3']"
255,2016Nov11_gdh_001709_YFP_dlg_cycE_CB_dorsal_63x_488nm30%_farred75%.czi,195930,0.3294705651189663,3.0,0,4,"['405.00000000000006', '561.0', '561.0', '488.00000000000006', 'ChS1-T1', 'ChS4-T1', 'ChS3-T2', 'ChS2-T3']"
256,2016Nov11_gdh_001709_YFP_dlg_cycE_CB_ventral_63x_488nm30%_farred75%.czi,195931,0.3294705651189663,3.0,0,4,"['405.00000000000006', '561.0', '561.0', '488.00000000000006', 'ChS1-T1', 'ChS4-T1', 'ChS3-T2', 'ChS2-T3']"
257,2016Nov11_gdh_001709_YFP_dlg_cycE_VNC_ventral_63x_488nm30%_farred75%.czi,195932,0.3294705651189663,3.0,0,4,"['405.00000000000006', '561.0', '561.0', '488.00000000000006', 'ChS1-T1', 'ChS4-T1', 'ChS3-T2', 'ChS2-T3']"
258,13Nov2016_kst_YFP_dlg_cycE_63x_CBrain_254.8_3pinhole_ventral.czi,195967,0,3.0,0,4,"['405.00000000000006', '561.0', '561.0', '488.00000000000006', 'ChS1-T1', 'ChS4-T1', 'ChS3-T2', 'ChS2-T3']"
259,13Nov2016_kst_YFP_dlg_cycE_20x_254.8_3pinhole_ventral.czi,195969,0,3.0,0,4,"['405.00000000000006', '561.0', '561.0', '488.00000000000006', 'ChS1-T1', 'ChS4-T1', 'ChS3-T2', 'ChS2-T3']"
260,13Nov2016_kst_YFP_dlg_cycE_63x_VNC_254.8_3pinhole_ventral.czi,195970,0,3.0,0,4,"['405.00000000000006', '561.0', '561.0', '488.00000000000006', 'ChS1-T1', 'ChS4-T1', 'ChS3-T2', 'ChS2-T3']"
261,14Nov2016_kst_YFP_dlg_cycE_63x_OpticLobe_2_2.6ZInterval_DAPI3red30YFP35Far75_252.9pinhole_ventral.czi,196019,0.3294705651189663,2.6,0,4,"['405.00000000000006', '561.0', '561.0', '488.00000000000006', 'ChS1-T1', 'ChS4-T1', 'ChS3-T2', 'ChS2-T3']"
262,14Nov2016_kst_YFP_dlg_cycE_63x_CBrain_2_2.6ZInterval_DAPI3red30YFP35Far75_252.9pinhole_ventral.czi,196021,0.3294705651189663,2.6,0,4,"['405.00000000000006', '561.0', '561.0', '488.00000000000006', 'ChS1-T1', 'ChS4-T1', 'ChS3-T2', 'ChS2-T3']"
263,2016Nov21_hth_003745_dlg_YFP_cycE_20x.czi,196565,1.037832280124744,5.0,0,3,"['405.00000000000006', '561.0', '488.00000000000006', 0, 'ChS1-T1', 'ChS3-T2', 'ChS2-T3', 0]"
264,2016Nov21_hth_003745.mvd2 [2016Nov21_hth_003745_YFP_dlg_cycE_CB_calyx_dorsal_60x],196570,0.13888805165151769,0.4,0,4,"[0, 0, 0, 0, 'FarRed', 'RFP', 'GFP', 'DAPI']"
265,2016Nov21_hth_003745.mvd2 [2016Nov21_hth_003745_YFP_dlg_cycE_OL_cells_dorsal_60x],196573,0.13888805165151769,0.4,0,4,"[0, 0, 0, 0, 'FarRed', 'RFP', 'GFP', 'DAPI']"
266,2016Nov21_hth_003745.mvd2 [2016Nov21_hth_003745_YFP_dlg_cycE_VNC_dorsal_60x],196574,0.13888805165151769,0.4,0,4,"[0, 0, 0, 0, 'FarRed', 'RFP', 'GFP', 'DAPI']"
267,2016Nov21_hth_003745.mvd2 [2016Nov21_hth_003745_YFP_dlg_cycE_CB_cells_lobe_ventral_60x],196575,0.13888805165151769,0.4,0,4,"[0, 0, 0, 0, 'FarRed', 'RFP', 'GFP', 'DAPI']"
268,2016Nov21_hth_003745.mvd2 [2016Nov21_hth_003745_YFP_dlg_cycE_OL_ventral_60x],196576,0.13888805165151769,0.4,0,4,"[0, 0, 0, 0, 'FarRed', 'RFP', 'GFP', 'DAPI']"
269,2016Nov21_hth_003745.mvd2 [2016Nov21_hth_003745_YFP_dlg_cycE_VNC_ventral_60x],196577,0.13888805165151769,0.4,0,4,"[0, 0, 0, 0, 'FarRed', 'RFP', 'GFP', 'DAPI']"
270,2016Nov21_neu3_001259.mvd2 [2016Nov21_neu3_001259_YFP_dlg_cycE_CB_calyx_dorsal_60x],196707,0.13888805165151769,0.4,0,4,"[0, 0, 0, 0, 'FarRed', 'RFP', 'GFP', 'DAPI']"
271,2016Nov21_neu3_001259.mvd2 [2016Nov21_neu3_001259_YFP_dlg_cycE_OL_correct_dorsal_60x],196709,0.13888805165151769,0.4,0,4,"[0, 0, 0, 0, 'FarRed', 'RFP', 'GFP', 'DAPI']"
272,2016Nov21_neu3_001259.mvd2 [2016Nov21_neu3_001259_YFP_dlg_cycE_VNC_side_dorsal_60x],196712,0.13888805165151769,0.4,0,4,"[0, 0, 0, 0, 'FarRed', 'RFP', 'GFP', 'DAPI']"
273,2016Nov21_neu3_001259.mvd2 [2016Nov21_neu3_001259_YFP_dlg_cycE_VNC_ventral_60x],196714,0.13888805165151769,0.4,0,4,"[0, 0, 0, 0, 'FarRed', 'RFP', 'GFP', 'DAPI']"
274,2016Nov21_neu3_001259.mvd2 [2016Nov21_neu3_001259_YFP_dlg_cycE_OL_ventral_60x],196715,0.13888805165151769,0.4,0,4,"[0, 0, 0, 0, 'FarRed', 'RFP', 'GFP', 'DAPI']"
275,2016Nov16_Heph_002406_YFP_dlg_cycE_OL_ventral_63x_red45%.czi,198529,0.3294705651189663,3.0,0,4,"['405.00000000000006', '561.0', '561.0', '488.00000000000006', 'ChS1-T1', 'ChS4-T1', 'ChS3-T2', 'ChS2-T3']"
276,2016Nov16_Heph_002406_YFP_dlg_cycE_VNC_dorsal_63x_red45%.czi,198530,0.3294705651189663,3.0,0,4,"['405.00000000000006', '561.0', '561.0', '488.00000000000006', 'ChS1-T1', 'ChS4-T1', 'ChS3-T2', 'ChS2-T3']"
277,2016Nov16_Heph_002406_YFP_dlg_cycE_CB_dorsal_63x_red45%.czi,198531,0.3294705651189663,3.0,0,4,"['405.00000000000006', '561.0', '561.0', '488.00000000000006', 'ChS1-T1', 'ChS4-T1', 'ChS3-T2', 'ChS2-T3']"
278,2016Nov16_Heph_002406_YFP_dlg_cycE_CB_ventral_63x_red45%.czi,198532,0.3294705651189663,3.0,0,4,"['405.00000000000006', '561.0', '561.0', '488.00000000000006', 'ChS1-T1', 'ChS4-T1', 'ChS3-T2', 'ChS2-T3']"
279,2016Nov16_Heph_002406_YFP_dlg_cycE_VNC_ventral_63x_red45%.czi,198533,0.3294705651189663,3.0,0,4,"['405.00000000000006', '561.0', '561.0', '488.00000000000006', 'ChS1-T1', 'ChS4-T1', 'ChS3-T2', 'ChS2-T3']"
280,2016Nov16_Heph_002406_YFP_dlg_cycE_20x_red45%.czi,198535,1.037832280124744,5.0,0,3,"['405.00000000000006', '561.0', '488.00000000000006', 0, 'ChS1-T1', 'ChS3-T2', 'ChS2-T3', 0]"
281,2016Nov16_Heph_002406_YFP_dlg_cycE_OL_dorsal_63x_red45%.czi,198536,0.3294705651189663,3.0,0,4,"['405.00000000000006', '561.0', '561.0', '488.00000000000006', 'ChS1-T1', 'ChS4-T1', 'ChS3-T2', 'ChS2-T3']"
282,2016Nov16_Hrb98DE_003669_dlg_YFP_cycE_CB_ventral_488nm65%63x.czi,198537,0.3294705651189663,3.0,0,4,"['405.00000000000006', '561.0', '561.0', '488.00000000000006', 'ChS1-T1', 'ChS4-T1', 'ChS3-T2', 'ChS2-T3']"
283,2016Nov16_Hrb98DE_003669_dlg_YFP_cycE_VNC_ventral_488nm65%63x.czi,198538,0.3294705651189663,3.0,0,4,"['405.00000000000006', '561.0', '561.0', '488.00000000000006', 'ChS1-T1', 'ChS4-T1', 'ChS3-T2', 'ChS2-T3']"
284,2016Nov16_OrR_dlg_YFP_cycE_VNC_dorsal_488nm65%63x.czi,198539,0.3294705651189663,5.0,0,4,"['405.00000000000006', '561.0', '561.0', '488.00000000000006', 'ChS1-T1', 'ChS4-T1', 'ChS3-T2', 'ChS2-T3']"
285,2016Nov16_OrR_dlg_YFP_cycE_CB_dorsal_488nm65%63x.czi,198540,0.3294705651189663,4.0,0,4,"['405.00000000000006', '561.0', '561.0', '488.00000000000006', 'ChS1-T1', 'ChS4-T1', 'ChS3-T2', 'ChS2-T3']"
286,2016Nov16_Hrb98DE_003669_dlg_YFP_cycE_CB_dorsal_488nm65%63x.czi,198542,0.3294705651189663,3.0,0,4,"['405.00000000000006', '561.0', '561.0', '488.00000000000006', 'ChS1-T1', 'ChS4-T1', 'ChS3-T2', 'ChS2-T3']"
287,2016Nov16_Hrb98DE_003669_dlg_YFP_cycE_20x.czi,198544,1.037832280124744,5.0,0,3,"['405.00000000000006', '561.0', '488.00000000000006', 0, 'ChS1-T1', 'ChS3-T2', 'ChS2-T3', 0]"
288,2016Nov16_Hrb98DE_003669_dlg_YFP_cycE_VNC_dorsal_488nm65%63x.czi,198545,0.3294705651189663,3.0,0,4,"['405.00000000000006', '561.0', '561.0', '488.00000000000006', 'ChS1-T1', 'ChS4-T1', 'ChS3-T2', 'ChS2-T3']"
289,2016Dec02_Flw_002264_repeat_YFP_dlg_syp_20x.czi,204380,1.037832280124744,5.0,0,3,"['405.00000000000006', '561.0', '488.00000000000006', 0, 'ChS1-T1', 'ChS3-T2', 'ChS2-T3', 0]"
290,2016Dec02_Lola_000190_YFP_dlg_syp_20x.czi,204383,1.037832280124744,5.0,0,3,"['405.00000000000006', '561.0', '488.00000000000006', 0, 'ChS1-T1', 'ChS3-T2', 'ChS2-T3', 0]"
291,2016Dec02_sytB_003250_YFP_dlg_syp_20x.czi,204384,1.037832280124744,5.0,0,3,"['405.00000000000006', '561.0', '488.00000000000006', 0, 'ChS1-T1', 'ChS3-T2', 'ChS2-T3', 0]"
292,2016Nov30_mnt_001879_YFP_dlg_syp_20x.czi,204482,1.037832280124744,5.0,0,3,"['405.00000000000006', '561.0', '488.00000000000006', 0, 'ChS1-T1', 'ChS3-T2', 'ChS2-T3', 0]"
293,2016Dec05_Flw_002264_repeat.mvd2 [2016Dec05_Flw_002264_YFP_dlg_syp_CB_ventral_60x],204490,0.13888805165151769,0.4,0,4,"[0, 0, 0, 0, 'FarRed', 'RFP', 'GFP', 'DAPI']"
294,2016Dec05_Flw_002264_repeat.mvd2 [2016Dec05_Flw_002264_YFP_dlg_syp_OL_ventral_60x],204491,0.13888805165151769,0.4,0,4,"[0, 0, 0, 0, 'FarRed', 'RFP', 'GFP', 'DAPI']"
295,2016Dec05_Flw_002264_repeat.mvd2 [2016Dec05_Flw_002264_YFP_dlg_syp_VNC_ventral_60x],204492,0.13888805165151769,0.4,0,4,"[0, 0, 0, 0, 'FarRed', 'RFP', 'GFP', 'DAPI']"
296,2016Dec05_Flw_002264_repeat.mvd2 [2016Dec05_Flw_002264_YFP_dlg_syp_OL_dorsal_60x],204493,0.13888805165151769,0.4,0,4,"[0, 0, 0, 0, 'FarRed', 'RFP', 'GFP', 'DAPI']"
297,2016Dec05_Flw_002264_repeat.mvd2 [2016Dec05_Flw_002264_YFP_dlg_syp_CB_dorsal_60x],204494,0.13888805165151769,0.4,0,4,"[0, 0, 0, 0, 'FarRed', 'RFP', 'GFP', 'DAPI']"
298,2016Dec05_lola_000190.mvd2 [2016Dec05_lola_000190_YFP_dlg_syp_CB_dorsal_60x_highbackground],204497,0.13888805165151769,0.4,0,4,"[0, 0, 0, 0, 'FarRed', 'RFP', 'GFP', 'DAPI']"
299,2016Dec05_lola_000190.mvd2 [2016Dec05_lola_000190_YFP_dlg_syp_OL_dorsal_60x],204498,0.13888805165151769,0.4,0,4,"[0, 0, 0, 0, 'FarRed', 'RFP', 'GFP', 'DAPI']"
300,2016Dec05_lola_000190.mvd2 [2016Dec05_lola_000190_YFP_dlg_syp_VNC_dorsal_60x],204499,0.13888805165151769,0.4,0,4,"[0, 0, 0, 0, 'FarRed', 'RFP', 'GFP', 'DAPI']"
301,2016Dec05_lola_000190.mvd2 [2016Dec05_lola_000190_YFP_dlg_syp_CB_ventral_60x],204500,0.13888805165151769,0.4,0,4,"[0, 0, 0, 0, 'FarRed', 'RFP', 'GFP', 'DAPI']"
302,2016Dec05_lola_000190.mvd2 [2016Dec05_lola_000190_YFP_dlg_syp_OL_ventral_60x],204501,0.13888805165151769,0.4,0,4,"[0, 0, 0, 0, 'FarRed', 'RFP', 'GFP', 'DAPI']"
303,2016Dec05_lola_000190.mvd2 [2016Dec05_lola_000190_YFP_dlg_syp_VNC_ventral_60x],204502,0.13888805165151769,0.4,0,4,"[0, 0, 0, 0, 'FarRed', 'RFP', 'GFP', 'DAPI']"
304,2016Dec05_lola_000190.mvd2 [2016Dec05_OrR_YFP_dlg_syp_CB_ventral_60x],204503,0.13888805165151769,0.4,0,4,"[0, 0, 0, 0, 'FarRed', 'RFP', 'GFP', 'DAPI']"
305,2016Dec05_lola_000190.mvd2 [2016Dec05_OrR_YFP_dlg_syp_VNC_ventral_60x],204504,0.13888805165151769,0.4,0,4,"[0, 0, 0, 0, 'FarRed', 'RFP', 'GFP', 'DAPI']"
306,2016Dec05_SytB_003250.mvd2 [2016Dec05_SytB_003250_YFP_dlg_syp_CB_dorsal_60x],204505,0.13888805165151769,0.4,0,4,"[0, 0, 0, 0, 'FarRed', 'RFP', 'GFP', 'DAPI']"
307,2016Dec05_SytB_003250.mvd2 [2016Dec05_SytB_003250_YFP_dlg_syp_CB_2_dorsal_60x],204506,0.13888805165151769,0.4,0,4,"[0, 0, 0, 0, 'FarRed', 'RFP', 'GFP', 'DAPI']"
308,2016Dec05_SytB_003250.mvd2 [2016Dec05_SytB_003250_YFP_dlg_syp_OL_dorsal_60x],204507,0.13888805165151769,0.4,0,4,"[0, 0, 0, 0, 'FarRed', 'RFP', 'GFP', 'DAPI']"
309,2016Dec05_SytB_003250.mvd2 [2016Dec05_SytB_003250_YFP_dlg_syp_VNC_central_dorsal_60x],204508,0.13888805165151769,0.4,0,4,"[0, 0, 0, 0, 'FarRed', 'RFP', 'GFP', 'DAPI']"
310,2016Dec01_gish_004113.mvd2 [2016Dec01_OrR_YFP_dlg_syp_CB_ventrall_60x],204514,0.13888805165151769,0.4,0,4,"[0, 0, 0, 0, 'FarRed', 'RFP', 'GFP', 'DAPI']"
311,2016Dec01_gish_004113.mvd2 [2016Dec01_OrR_YFP_dlg_syp_OL_ventral_60x],204515,0.13888805165151769,0.4,0,4,"[0, 0, 0, 0, 'FarRed', 'RFP', 'GFP', 'DAPI']"
312,2016Dec01_mnt_001879.mvd2 [2016Dec01_mnt_001879_YFP_dlg_syp_CB_dorsall_60x],204520,0.13888805165151769,0.4,0,4,"[0, 0, 0, 0, 'FarRed', 'RFP', 'GFP', 'DAPI']"
313,2016Dec01_mnt_001879.mvd2 [2016Dec01_mnt_001879_YFP_dlg_syp_OL_dorsal_60x],204521,0.13888805165151769,0.4,0,4,"[0, 0, 0, 0, 'FarRed', 'RFP', 'GFP', 'DAPI']"
314,2016Dec01_mnt_001879.mvd2 [2016Dec01_mnt_001879_YFP_dlg_syp_anlagen_dorsal_60x],204522,0.13888805165151769,0.4,0,4,"[0, 0, 0, 0, 'FarRed', 'RFP', 'GFP', 'DAPI']"
315,2016Dec01_mnt_001879.mvd2 [2016Dec01_mnt_001879_YFP_dlg_syp_VNC_midline_dorsal_60x],204524,0.13888805165151769,0.4,0,4,"[0, 0, 0, 0, 'FarRed', 'RFP', 'GFP', 'DAPI']"
316,2016Dec01_mnt_001879.mvd2 [2016Dec01_mnt_001879_YFP_dlg_syp_CB_ventral_60x],204525,0.13888805165151769,0.4,0,4,"[0, 0, 0, 0, 'FarRed', 'RFP', 'GFP', 'DAPI']"
317,2016Dec01_mnt_001879.mvd2 [2016Dec01_mnt_001879_YFP_dlg_syp_VNC_midline_ventral_60x],204528,0.13888805165151769,0.4,0,4,"[0, 0, 0, 0, 'FarRed', 'RFP', 'GFP', 'DAPI']"
318,2016Dec01_mnt_001879.mvd2 [2016Dec01_OrR_dlg_syp_CB_dorsal_60x],204529,0.13888805165151769,0.4,0,4,"[0, 0, 0, 0, 'FarRed', 'RFP', 'GFP', 'DAPI']"
319,2016Dec01_mnt_001879.mvd2 [2016Dec01_OrR_dlg_syp_VNC_dorsal_60x],204530,0.13888805165151769,0.4,0,4,"[0, 0, 0, 0, 'FarRed', 'RFP', 'GFP', 'DAPI']"
320,2016Nov21_neu3_001259_ventral repeat.mvd2 [2016Nov21_neu3_001259_YFP_dlg_syp_CB_ventral_60x],205539,0.13888805165151769,0.4,0,4,"[0, 0, 0, 0, 'FarRed', 'RFP', 'GFP', 'DAPI']"
321,2016Nov21_neu3_001259_YFP_dlg_cycE_20x.czi,205545,1.037832280124744,5.0,0,3,"['405.00000000000006', '561.0', '488.00000000000006', 0, 'ChS1-T1', 'ChS3-T2', 'ChS2-T3', 0]"
322,2016Dec07_Eaf_000560_YFP_dlg_syp_20x.czi,206151,1.037832280124744,5.0,0,3,"['405.00000000000006', '561.0', '488.00000000000006', 0, 'ChS1-T1', 'ChS3-T2', 'ChS2-T3', 0]"
323,2016Dec07_Rab11_100051_YFP_dlg_syp_20x.czi,206152,1.037832280124744,5.0,0,3,"['405.00000000000006', '561.0', '488.00000000000006', 0, 'ChS1-T1', 'ChS3-T2', 'ChS2-T3', 0]"
324,2016Dec07_eaf_000560.mvd2 [2016Dec07_Eaf_000560_YFP_dlg_syp_CB_calyx_dorsal_60x],208850,0.13888805165151769,0.4,0,4,"[0, 0, 0, 0, 'FarRed', 'RFP', 'GFP', 'DAPI']"
325,2016Dec07_eaf_000560.mvd2 [2016Dec07_Eaf_000560_YFP_dlg_syp_OL_dorsal_60x],208851,0.13888805165151769,0.4,0,4,"[0, 0, 0, 0, 'FarRed', 'RFP', 'GFP', 'DAPI']"
326,2016Dec07_eaf_000560.mvd2 [2016Dec07_Eaf_000560_YFP_dlg_syp_VNC_dorsal_60x],208853,0.13888805165151769,0.4,0,4,"[0, 0, 0, 0, 'FarRed', 'RFP', 'GFP', 'DAPI']"
327,2016Dec07_eaf_000560.mvd2 [2016Dec07_Eaf_000560_YFP_dlg_syp_CB_lobes_ventral_60x],208854,0.13888805165151769,0.4,0,4,"[0, 0, 0, 0, 'FarRed', 'RFP', 'GFP', 'DAPI']"
328,2016Dec07_eaf_000560.mvd2 [2016Dec07_Eaf_000560_YFP_dlg_syp_OL_ventral_60x],208855,0.13888805165151769,0.4,0,4,"[0, 0, 0, 0, 'FarRed', 'RFP', 'GFP', 'DAPI']"
329,2016Dec07_eaf_000560.mvd2 [2016Dec07_Eaf_000560_YFP_dlg_syp_VNC_ventral_60x],208856,0.13888805165151769,0.4,0,4,"[0, 0, 0, 0, 'FarRed', 'RFP', 'GFP', 'DAPI']"
330,2016Dec07_Rab11_100051.mvd2 [2016Dec07_Rab11_100051_YFP_dlg_syp_CB_calyx_dorsal_60x],208857,0.13888805165151769,0.4,0,4,"[0, 0, 0, 0, 'FarRed', 'RFP', 'GFP', 'DAPI']"
331,2016Dec07_Rab11_100051.mvd2 [2016Dec07_Rab11_100051_YFP_dlg_syp_OL_dorsal_60x],208858,0.13888805165151769,0.4,0,4,"[0, 0, 0, 0, 'FarRed', 'RFP', 'GFP', 'DAPI']"
332,2016Dec07_Rab11_100051.mvd2 [2016Dec07_Rab11_100051_YFP_dlg_syp_CB_lobes_ventral_60x],208861,0.13888805165151769,0.4,0,4,"[0, 0, 0, 0, 'FarRed', 'RFP', 'GFP', 'DAPI']"
333,2016Dec07_Rab11_100051.mvd2 [2016Dec07_Rab11_100051_YFP_dlg_syp_OL_ventral_60x],208862,0.13888805165151769,0.4,0,4,"[0, 0, 0, 0, 'FarRed', 'RFP', 'GFP', 'DAPI']"
334,2016Dec07_Rab11_100051.mvd2 [2016Dec07_Rab11_100051_YFP_dlg_syp_anlagen_ventral_60x],208863,0.13888805165151769,0.4,0,4,"[0, 0, 0, 0, 'FarRed', 'RFP', 'GFP', 'DAPI']"
335,20161214_papla_YFP_dlg_syp_vectinc_20x_ventral.czi,209734,1.037832280124744,3.0,0,3,"['405.00000000000006', '561.0', '488.00000000000006', 0, 'ChS1-T1', 'ChS3-T2', 'ChS2-T3', 0]"
336,Leftcalyxmergedchannels.tif,210103,0.2635764958295609,3.0,0,4,"[0, 0, 0, 0, 0, 0, 0, 0]"
337,LeftMBmergedchannels.tif,210107,0.2635764958295609,3.0,0,4,"[0, 0, 0, 0, 0, 0, 0, 0]"
338,VNCsurfacemergedchannels.tif,210287,0.2635764958295609,2.0,0,4,"[0, 0, 0, 0, 0, 0, 0, 0]"
339,2017Jan11_cno_repeat_syp.mvd2 [2017Jan11_cno_syp_YFP_dlg_anlagen_dorsal_60x_2],217278,0.13888805165151769,0.4,0,4,"[0, 0, 0, 0, 'FarRed', 'RFP', 'GFP', 'DAPI']"
340,2017Jan13_Top1_002927.mvd2 [2017Jan13_Top1_002927_YFP_syp_dlg_CB_dorsal_60x],225712,0.13888805165151769,0.4,0,4,"[0, 0, 0, 0, 'FarRed', 'RFP', 'GFP', 'DAPI']"
341,2017Jan13_Top1_002927.mvd2 [2017Jan13_Top1_002927_YFP_syp_dlg_OL_dorsal_60x],225713,0.13888805165151769,0.4,0,4,"[0, 0, 0, 0, 'FarRed', 'RFP', 'GFP', 'DAPI']"
342,2017Jan13_Top1_002927.mvd2 [2017Jan13_Top1_002927_YFP_syp_dlg_inneranlagen_dorsal_60x],225714,0.13888805165151769,0.4,0,4,"[0, 0, 0, 0, 'FarRed', 'RFP', 'GFP', 'DAPI']"
343,2017Jan13_Top1_002927.mvd2 [2017Jan13_Top1_002927_YFP_syp_dlg_VNC_dorsal_60x],225715,0.13888805165151769,0.4,0,4,"[0, 0, 0, 0, 'FarRed', 'RFP', 'GFP', 'DAPI']"
344,2017Jan13_Top1_002927.mvd2 [2017Jan13_Top1_002927_YFP_syp_dlg_CB_ventral_60x],225716,0.13888805165151769,0.4,0,4,"[0, 0, 0, 0, 'FarRed', 'RFP', 'GFP', 'DAPI']"
345,2017Jan13_Top1_002927.mvd2 [2017Jan13_Top1_002927_YFP_syp_dlg_OL_ventral_60x],225717,0.13888805165151769,0.4,0,4,"[0, 0, 0, 0, 'FarRed', 'RFP', 'GFP', 'DAPI']"
346,2017Jan13_Top1_002927.mvd2 [2017Jan13_Top1_002927_YFP_syp_dlg_VNC_ventral_60x],225718,0.13888805165151769,0.4,0,4,"[0, 0, 0, 0, 'FarRed', 'RFP', 'GFP', 'DAPI']"
347,2017Jan13_Top1_002927_20x_ventral.czi,226532,1.037832280124744,5.0,0,3,"['405.00000000000006', '561.0', '488.00000000000006', 0, 'ChS1-T1', 'ChS3-T2', 'ChS2-T3', 0]"
348,2017Jan19_smd3_100043.mvd2 [2017Jan19_smd3_100043_YFP_syp_dlg_lobe_20x],240658,0.41839539265530395,0.4,0,4,"[0, 0, 0, 0, 'FarRed', 'RFP', 'GFP', 'DAPI']"
349,2017Jan19_smd3_100043.mvd2 [2017Jan19_smd3_100043_YFP_syp_dlg_CB_dorsal_60x],240659,0.13888805165151769,0.4,0,4,"[0, 0, 0, 0, 'FarRed', 'RFP', 'GFP', 'DAPI']"
350,2017Jan19_smd3_100043.mvd2 [2017Jan19_smd3_100043_YFP_syp_dlg_OL_dorsal_60x],240660,0.13888805165151769,0.4,0,4,"[0, 0, 0, 0, 'FarRed', 'RFP', 'GFP', 'DAPI']"
351,2017Jan19_smd3_100043.mvd2 [2017Jan19_smd3_100043_YFP_syp_dlg_anlagen_dorsal_60x],240661,0.13888805165151769,0.4,0,4,"[0, 0, 0, 0, 'FarRed', 'RFP', 'GFP', 'DAPI']"
352,2017Jan19_smd3_100043.mvd2 [2017Jan19_smd3_100043_YFP_syp_dlg_VNC_dorsal_60x],240662,0.13888805165151769,0.4,0,4,"[0, 0, 0, 0, 'FarRed', 'RFP', 'GFP', 'DAPI']"
353,2017Jan19_smd3_100043.mvd2 [2017Jan19_smd3_100043_YFP_syp_dlg_CB_ventral_60x],240663,0.13888805165151769,0.4,0,4,"[0, 0, 0, 0, 'FarRed', 'RFP', 'GFP', 'DAPI']"
354,2017Jan19_smd3_100043.mvd2 [2017Jan19_smd3_100043_YFP_syp_dlg_OL_ventral_60x],240664,0.13888805165151769,0.4,0,4,"[0, 0, 0, 0, 'FarRed', 'RFP', 'GFP', 'DAPI']"
355,2017Jan19_smd3_100043.mvd2 [2017Jan19_smd3_100043_YFP_syp_dlg_VNC_ventral_60x],240665,0.13888805165151769,0.4,0,4,"[0, 0, 0, 0, 'FarRed', 'RFP', 'GFP', 'DAPI']"
356,2017Jan19_sqd_000239.mvd2 [2017Jan19_sqd_000239_YFP_syp_dlg_20x_upsidedown],240666,0.41839539265530395,0.4,0,4,"[0, 0, 0, 0, 'FarRed', 'RFP', 'GFP', 'DAPI']"
357,2017Jan19_sqd_000239.mvd2 [2017Jan19_sqd_000239_YFP_syp_dlg_CB_ventral_60x_upsidedown],240667,0.13888805165151769,0.4,0,4,"[0, 0, 0, 0, 'FarRed', 'RFP', 'GFP', 'DAPI']"
358,2017Jan19_sqd_000239.mvd2 [2017Jan19_sqd_000239_YFP_syp_dlg_OL_ventral_60x_upsidedown],240668,0.13888805165151769,0.4,0,4,"[0, 0, 0, 0, 'FarRed', 'RFP', 'GFP', 'DAPI']"
359,2017Jan19_sqd_000239.mvd2 [2017Jan19_sqd_000239_YFP_syp_dlg_anlagen_ventral_60x_upsidedown],240669,0.13888805165151769,0.4,0,4,"[0, 0, 0, 0, 'FarRed', 'RFP', 'GFP', 'DAPI']"
360,2017Jan19_sqd_000239.mvd2 [2017Jan19_sqd_000239_YFP_syp_dlg_VNC_ventral_60x_upsidedown],240670,0.13888805165151769,0.4,0,4,"[0, 0, 0, 0, 'FarRed', 'RFP', 'GFP', 'DAPI']"
361,2017Jan19_Stwl_000263.mvd2 [2017Jan19_Stwl_000263_YFP_syp_dlg_lobe_20x],240673,0.41839539265530395,0.4,0,4,"[0, 0, 0, 0, 'FarRed', 'RFP', 'GFP', 'DAPI']"
362,2017Jan19_Stwl_000263.mvd2 [2017Jan19_Stwl_000263_YFP_syp_dlg_CB_dorsal_60x],240674,0.13888805165151769,0.4,0,4,"[0, 0, 0, 0, 'FarRed', 'RFP', 'GFP', 'DAPI']"
363,2017Jan19_Stwl_000263.mvd2 [2017Jan19_Stwl_000263_YFP_syp_dlg_OL_dorsal_60x],240675,0.13888805165151769,0.4,0,4,"[0, 0, 0, 0, 'FarRed', 'RFP', 'GFP', 'DAPI']"
364,2017Jan19_Stwl_000263.mvd2 [2017Jan19_Stwl_000263_YFP_syp_dlg_anlagen_dorsal_60x],240676,0.13888805165151769,0.4,0,4,"[0, 0, 0, 0, 'FarRed', 'RFP', 'GFP', 'DAPI']"
365,2017Jan19_Stwl_000263.mvd2 [2017Jan19_Stwl_000263_YFP_syp_dlg_VNC_dorsal_60x],240677,0.13888805165151769,0.4,0,4,"[0, 0, 0, 0, 'FarRed', 'RFP', 'GFP', 'DAPI']"
366,2017Jan19_Stwl_000263.mvd2 [2017Jan19_Stwl_000263_YFP_syp_dlg_CB_ventral_60x],240678,0.13888805165151769,0.4,0,4,"[0, 0, 0, 0, 'FarRed', 'RFP', 'GFP', 'DAPI']"
367,2017Jan19_Stwl_000263.mvd2 [2017Jan19_Stwl_000263_YFP_syp_dlg_OL_ventral_60x],240679,0.13888805165151769,0.4,0,4,"[0, 0, 0, 0, 'FarRed', 'RFP', 'GFP', 'DAPI']"
368,2017Jan19_Stwl_000263.mvd2 [2017Jan19_Stwl_000263_YFP_syp_dlg_VNC_ventral_60x],240680,0.13888805165151769,0.4,0,4,"[0, 0, 0, 0, 'FarRed', 'RFP', 'GFP', 'DAPI']"
369,2017Jan19_Tcp1_000037.mvd2 [2017Jan19_tcp1_000037_YFP_syp_dlg_20x],240681,0.41839539265530395,0.4,0,4,"[0, 0, 0, 0, 'FarRed', 'RFP', 'GFP', 'DAPI']"
370,2017Jan19_Tcp1_000037.mvd2 [2017Jan19_tcp1_000037_YFP_syp_dlg_CB_ventral_60x_2],240683,0.13888805165151769,0.4,0,4,"[0, 0, 0, 0, 'FarRed', 'RFP', 'GFP', 'DAPI']"
371,2017Jan19_Tcp1_000037.mvd2 [2017Jan19_tcp1_000037_YFP_syp_dlg_OL_ventral_60x],240684,0.13888805165151769,0.4,0,4,"[0, 0, 0, 0, 'FarRed', 'RFP', 'GFP', 'DAPI']"
372,2017Jan19_Tcp1_000037.mvd2 [2017Jan19_tcp1_000037_YFP_syp_dlg_VNC_ventral_60x],240685,0.13888805165151769,0.4,0,4,"[0, 0, 0, 0, 'FarRed', 'RFP', 'GFP', 'DAPI']"
373,2017Jan19_Tcp1_000037.mvd2 [2017Jan19_tcp1_000037_YFP_syp_dlg_CB_dorsal_60x],240686,0.13888805165151769,0.4,0,4,"[0, 0, 0, 0, 'FarRed', 'RFP', 'GFP', 'DAPI']"
374,2017Jan19_Tcp1_000037.mvd2 [2017Jan19_tcp1_000037_YFP_syp_dlg_OL_dorsal_60x],240687,0.13888805165151769,0.4,0,4,"[0, 0, 0, 0, 'FarRed', 'RFP', 'GFP', 'DAPI']"
375,2017Jan19_Tcp1_000037.mvd2 [2017Jan19_tcp1_000037_YFP_syp_dlg_anlagen_dorsal_60x],240688,0.13888805165151769,0.4,0,4,"[0, 0, 0, 0, 'FarRed', 'RFP', 'GFP', 'DAPI']"
376,2017Jan19_Tcp1_000037.mvd2 [2017Jan19_tcp1_000037_YFP_syp_dlg_VNC_dorsal_60x],240689,0.13888805165151769,0.4,0,4,"[0, 0, 0, 0, 'FarRed', 'RFP', 'GFP', 'DAPI']"
377,2017Jan19_Tcp1_000037.mvd2 [2017Jan19_tcp1_000037_YFP_syp_dlg_OrR_CB_60x],240690,0.13888805165151769,0.4,0,4,"[0, 0, 0, 0, 'FarRed', 'RFP', 'GFP', 'DAPI']"
378,2017Feb07_Flo-2_001427.mvd2 [2017Feb07_Flo-2_0001427_newdlg_syp_CB_ventral_60x_squashed],244021,0.13888805165151769,0.4,0,4,"[0, 0, 0, 0, 'FarRed', 'RFP', 'GFP', 'DAPI']"
379,2017Feb07_Flo-2_001427.mvd2 [2017Feb07_Flo-2_0001427_newdlg_syp_OL_ventral_60x_squashed],244022,0.13888805165151769,0.4,0,4,"[0, 0, 0, 0, 'FarRed', 'RFP', 'GFP', 'DAPI']"
380,2017Feb07_Flo-2_001427.mvd2 [2017Feb07_Flo-2_0001427_newdlg_syp_VNC_ventral_60x_squashed],244023,0.13888805165151769,0.4,0,4,"[0, 0, 0, 0, 'FarRed', 'RFP', 'GFP', 'DAPI']"
381,2017Feb07_Flo-2_001427.mvd2 [2017Feb07_Flo-2_0001427_newdlg_syp_CB_dorsal_60x_squashed],244024,0.13888805165151769,0.4,0,4,"[0, 0, 0, 0, 'FarRed', 'RFP', 'GFP', 'DAPI']"
382,2017Feb07_Flo-2_001427.mvd2 [2017Feb07_Flo-2_0001427_newdlg_syp_OL_dorsal_60x_squashed],244025,0.13888805165151769,0.4,0,4,"[0, 0, 0, 0, 'FarRed', 'RFP', 'GFP', 'DAPI']"
383,2017Feb07_Flo-2_001427.mvd2 [2017Feb07_Flo-2_0001427_newdlg_syp_VNC_dorsal_60x_squashed],244026,0.13888805165151769,0.4,0,4,"[0, 0, 0, 0, 'FarRed', 'RFP', 'GFP', 'DAPI']"
384,2017Feb07_gish_different_002023.mvd2 [2017Feb07_Gish_different_002023_YFP_newdlg_syp_CB_dorsal_60x],244027,0.13888805165151769,0.4,0,4,"[0, 0, 0, 0, 'FarRed', 'RFP', 'GFP', 'DAPI']"
385,2017Feb07_gish_different_002023.mvd2 [2017Feb07_Gish_different_002023_YFP_newdlg_syp_OL_dorsal_60x],244028,0.13888805165151769,0.4,0,4,"[0, 0, 0, 0, 'FarRed', 'RFP', 'GFP', 'DAPI']"
386,2017Feb07_gish_different_002023.mvd2 [2017Feb07_Gish_different_002023_YFP_newdlg_syp_VNC_dorsal_60x],244029,0.13888805165151769,0.4,0,4,"[0, 0, 0, 0, 'FarRed', 'RFP', 'GFP', 'DAPI']"
387,2017Feb07_gish_different_002023.mvd2 [2017Feb07_Gish_different_002023_YFP_newdlg_syp_CB_dorsal_lobes?_60x],244030,0.13888805165151769,0.4,0,4,"[0, 0, 0, 0, 'FarRed', 'RFP', 'GFP', 'DAPI']"
388,2017Feb07_gish_different_002023.mvd2 [2017Feb07_Gish_different_002023_YFP_newdlg_syp_VNC_dorsal_NBs?_60x],244031,0.13888805165151769,0.4,0,4,"[0, 0, 0, 0, 'FarRed', 'RFP', 'GFP', 'DAPI']"
389,2017Feb07_gish_different_002023.mvd2 [2017Feb07_Gish_different_002023_YFP_newdlg_syp_OL_dorsal_NP_60x],244032,0.13888805165151769,0.4,0,4,"[0, 0, 0, 0, 'FarRed', 'RFP', 'GFP', 'DAPI']"
390,2017Feb07_Jupiter_003917.mvd2 [2017Feb07_Jupiter_003917_YFP_newdlg_syp_CB_ventral_60x],244035,0.13888805165151769,0.4,0,4,"[0, 0, 0, 0, 'FarRed', 'RFP', 'GFP', 'DAPI']"
391,2017Feb07_Jupiter_003917.mvd2 [2017Feb07_Jupiter_003917_YFP_newdlg_syp_OL_ventral_60x],244036,0.13888805165151769,0.4,0,4,"[0, 0, 0, 0, 'FarRed', 'RFP', 'GFP', 'DAPI']"
392,2017Feb07_Jupiter_003917.mvd2 [2017Feb07_Jupiter_003917_YFP_newdlg_syp_anlagen_ventral_60x],244037,0.13888805165151769,0.4,0,4,"[0, 0, 0, 0, 'FarRed', 'RFP', 'GFP', 'DAPI']"
393,2017Feb07_Jupiter_003917.mvd2 [2017Feb07_Jupiter_003917_YFP_newdlg_syp_VNC_ventral_60x],244038,0.13888805165151769,0.4,0,4,"[0, 0, 0, 0, 'FarRed', 'RFP', 'GFP', 'DAPI']"
394,2017Feb07_Jupiter_003917.mvd2 [2017Feb07_Jupiter_003917_YFP_newdlg_syp_CB_dorsal_60x],244039,0.13888805165151769,0.4,0,4,"[0, 0, 0, 0, 'FarRed', 'RFP', 'GFP', 'DAPI']"
395,2017Feb07_Jupiter_003917.mvd2 [2017Feb07_Jupiter_003917_YFP_newdlg_syp_OL_dorsal_60x],244040,0.13888805165151769,0.4,0,4,"[0, 0, 0, 0, 'FarRed', 'RFP', 'GFP', 'DAPI']"
396,2017Feb07_Jupiter_003917.mvd2 [2017Feb07_Jupiter_003917_YFP_newdlg_syp_VNC_dorsal_60x],244041,0.13888805165151769,0.4,0,4,"[0, 0, 0, 0, 'FarRed', 'RFP', 'GFP', 'DAPI']"
397,2017Feb07_Jupiter_003917.mvd2 [2017Feb07_OrR_newdlg_syp_CB_dorsal_60x],244042,0.13888805165151769,0.4,0,4,"[0, 0, 0, 0, 'FarRed', 'RFP', 'GFP', 'DAPI']"
398,2017Feb10_Mew_001678.mvd2 [2017Feb10_Mew_001678_YFP_syp_dlg_CB_dorsal_60x],244523,0.13888805165151769,0.4,0,4,"[0, 0, 0, 0, 'FarRed', 'RFP', 'GFP', 'DAPI']"
399,2017Feb10_Mew_001678.mvd2 [2017Feb10_Mew_001678_YFP_syp_dlg_anlagen_dorsal_60x],244525,0.13888805165151769,0.4,0,4,"[0, 0, 0, 0, 'FarRed', 'RFP', 'GFP', 'DAPI']"
400,2017Feb10_Mew_001678.mvd2 [2017Feb10_Mew_001678_YFP_syp_dlg_VNC_centre_dorsal_60x],244526,0.13888805165151769,0.4,0,4,"[0, 0, 0, 0, 'FarRed', 'RFP', 'GFP', 'DAPI']"
401,2017Feb10_Mew_001678.mvd2 [2017Feb10_OrR_syp_dlg_OL_dorsal_60x],244531,0.13888805165151769,0.4,0,4,"[0, 0, 0, 0, 'FarRed', 'RFP', 'GFP', 'DAPI']"
402,2017Feb09_Flo-2_001427_YFP_dlg_syp_20x.czi,244625,1.037832280124744,5.0,0,3,"['405.00000000000006', '561.0', '488.00000000000006', 0, 'ChS1-T1', 'ChS3-T2', 'ChS2-T3', 0]"
403,2017Feb09_gish_002023_new_YFP_dlg_syp_20x.czi,244627,1.037832280124744,5.0,0,3,"['405.00000000000006', '561.0', '488.00000000000006', 0, 'ChS1-T1', 'ChS3-T2', 'ChS2-T3', 0]"
404,2017Feb09_Jupiter_003917_YFP_syp_dlg_20x.czi,244628,1.037832280124744,5.0,0,3,"['405.00000000000006', '561.0', '488.00000000000006', 0, 'ChS1-T1', 'ChS3-T2', 'ChS2-T3', 0]"
405,2017Feb09_OrR_dlg_syp_20x.czi,244631,1.037832280124744,5.0,0,3,"['405.00000000000006', '561.0', '488.00000000000006', 0, 'ChS1-T1', 'ChS3-T2', 'ChS2-T3', 0]"
406,2017feb14_Moca-cyp_000049.mvd2 [2017Feb14_OrR_dlg_syp_VNC_ventral_60x],245919,0.13888805165151769,0.4,0,4,"[0, 0, 0, 0, 'FarRed', 'RFP', 'GFP', 'DAPI']"
407,Blank picture.001.tiff,283965,0,0,0,4,"[0, 0, 0, 0, 0, 0, 0, 0]"
408,20170830_4152.mvd2 [20170830_4152_1_brain],318110,0.13888805165151769,0.4,0,4,"[0, 0, 0, 0, 'Far-Red 7', 'GFP', 'RFP', 'DAPI']"
409,20170830_4152.mvd2 [20170830_4152_1_mb],318111,0.13888805165151769,0.4,0,4,"[0, 0, 0, 0, 'Far-Red 7', 'GFP', 'RFP', 'DAPI']"
410,20171123.mvd2 [2017nov23_OrR_YFP_DAPI_DLG_SYP_60x_mb_lobes],406874,0.13888805165151769,0.2,0,4,"[0, 0, 0, 0, 'Cy5', 'GFP', 'RFP', 'DAPI']"
411,20171123.mvd2 [2017nov23_OrR_YFP_DAPI_DLG_SYP_60x_mb_calyx],406875,0.13888805165151769,0.2,0,4,"[0, 0, 0, 0, 'Cy5', 'GFP', 'RFP', 'DAPI']"
412,20171123.mvd2 [2017nov23_OrR_YFP_DAPI_DLG_SYP_60x_cb_anlagen],406876,0.13888805165151769,0.2,0,4,"[0, 0, 0, 0, 'Cy5', 'GFP', 'RFP', 'DAPI']"
413,20171123.mvd2 [2017nov23_OrR_YFP_DAPI_DLG_SYP_60x_cb_nbs],406877,0.13888805165151769,0.2,0,4,"[0, 0, 0, 0, 'Cy5', 'GFP', 'RFP', 'DAPI']"
414,20171123.mvd2 [2017nov23_OrR_YFP_DAPI_DLG_SYP_60x_OL],406879,0.13888805165151769,0.2,0,4,"[0, 0, 0, 0, 'Cy5', 'GFP', 'RFP', 'DAPI']"
415,20171123.mvd2 [2017nov23_CPTI-002636_YFP_DAPI_DLG_SYP_60x_mb_calyx],406880,0.13888805165151769,0.2,0,4,"[0, 0, 0, 0, 'Cy5', 'GFP', 'RFP', 'DAPI']"
416,20171123.mvd2 [2017nov23_CPTI-002636_YFP_DAPI_DLG_SYP_60x_CB_anlagen],406881,0.13888805165151769,0.2,0,4,"[0, 0, 0, 0, 'Cy5', 'GFP', 'RFP', 'DAPI']"
417,20171123.mvd2 [2017nov23_CPTI-002636_YFP_DAPI_DLG_SYP_60x_CB_nbs],406882,0.13888805165151769,0.2,0,4,"[0, 0, 0, 0, 'Cy5', 'GFP', 'RFP', 'DAPI']"
418,20171123.mvd2 [2017nov23_CPTI-002636_YFP_DAPI_DLG_SYP_60x_mb_lobes],406885,0.13888805165151769,0.2,0,4,"[0, 0, 0, 0, 'Cy5', 'GFP', 'RFP', 'DAPI']"
419,20171123.mvd2 [2017nov23_CPTI-002636_YFP_DAPI_DLG_SYP_60x_ol2],406887,0.13888805165151769,0.2,0,4,"[0, 0, 0, 0, 'Cy5', 'GFP', 'RFP', 'DAPI']"
420,20171121.mvd2 [2017nov21_CPTI001039_YFP_DAPI_DLG_SYP_60x_mb_calyx],406893,0.13888805165151769,0.2,0,4,"[0, 0, 0, 0, 'Cy5', 'GFP', 'RFP', 'DAPI']"
421,20171121.mvd2 [2017nov21_CPTI001039_YFP_DAPI_DLG_SYP_60x_cb_anlagen],406894,0.13888805165151769,0.2,0,4,"[0, 0, 0, 0, 'Cy5', 'GFP', 'RFP', 'DAPI']"
422,20171121.mvd2 [2017nov21_CPTI001039_YFP_DAPI_DLG_SYP_60x_cb_nbs],406895,0.13888805165151769,0.2,0,4,"[0, 0, 0, 0, 'Cy5', 'GFP', 'RFP', 'DAPI']"
423,20171121.mvd2 [2017nov21_CPTI001039_YFP_DAPI_DLG_SYP_60x_OL],406896,0.13888805165151769,0.2,0,4,"[0, 0, 0, 0, 'Cy5', 'GFP', 'RFP', 'DAPI']"
424,20171121.mvd2 [2017nov21_CPTI001039_YFP_DAPI_DLG_SYP_60x_mb_lobes],406898,0.13888805165151769,0.2,0,4,"[0, 0, 0, 0, 'Cy5', 'GFP', 'RFP', 'DAPI']"
425,20171121.mvd2 [2017nov21_OrR_YFP_DAPI_DLG_SYP_60x_mb_calyx],406899,0.13888805165151769,0.2,0,4,"[0, 0, 0, 0, 'Cy5', 'GFP', 'RFP', 'DAPI']"
426,20171121.mvd2 [2017nov21_OrR_YFP_DAPI_DLG_SYP_60x_mb_lobes 2],406900,0.13888805165151769,0.2,0,4,"[0, 0, 0, 0, 'Cy5', 'GFP', 'RFP', 'DAPI']"
427,20171121.mvd2 [2017nov21_OrR_YFP_DAPI_DLG_SYP_60x_cb_anlagen],406901,0.13888805165151769,0.2,0,4,"[0, 0, 0, 0, 'Cy5', 'GFP', 'RFP', 'DAPI']"
428,20171121.mvd2 [2017nov21_OrR_YFP_DAPI_DLG_SYP_60x_cb_nbs],406902,0.13888805165151769,0.2,0,4,"[0, 0, 0, 0, 'Cy5', 'GFP', 'RFP', 'DAPI']"
429,20171121.mvd2 [2017nov21_OrR_YFP_DAPI_DLG_SYP_60x_OL],406903,0.13888805165151769,0.2,0,4,"[0, 0, 0, 0, 'Cy5', 'GFP', 'RFP', 'DAPI']"
430,2017nov24_CPTI0002636_YFP_DAPI_SYP_DLG_20x_0001.oir,407225,1.242961138804478,3.0,140.0,3,"['420.0', '570.0', '500.0', 0, 'CH1', 'CH3', 'CH4', 0]"
431,20171129.mvd2 [2017nov29_CPTI002315_YFP_DAPI_DLG_SYP_60x_mb_lobes],409368,0.13888805165151769,0.2,0,4,"[0, 0, 0, 0, 'Cy5', 'GFP', 'RFP', 'DAPI']"
432,20171129.mvd2 [2017nov29_CPTI002315_YFP_DAPI_DLG_SYP_60x_mb_calyx],409370,0.13888805165151769,0.2,0,4,"[0, 0, 0, 0, 'Cy5', 'GFP', 'RFP', 'DAPI']"
433,20171129.mvd2 [2017nov29_CPTI002315_YFP_DAPI_DLG_SYP_60x_cb_anlagen],409371,0.13888805165151769,0.2,0,4,"[0, 0, 0, 0, 'Cy5', 'GFP', 'RFP', 'DAPI']"
434,20171129.mvd2 [2017nov29_CPTI002315_YFP_DAPI_DLG_SYP_60x_cb_nbs],409372,0.13888805165151769,0.2,0,4,"[0, 0, 0, 0, 'Cy5', 'GFP', 'RFP', 'DAPI']"
435,20171129.mvd2 [2017nov29_CPTI002315_YFP_DAPI_DLG_SYP_60x_OL],409373,0.13888805165151769,0.2,0,4,"[0, 0, 0, 0, 'Cy5', 'GFP', 'RFP', 'DAPI']"
436,20171129.mvd2 [2017nov29_OrR_YFP_DAPI_DLG_SYP_60x_mb_calyx],409375,0.13888805165151769,0.2,0,4,"[0, 0, 0, 0, 'Cy5', 'GFP', 'RFP', 'DAPI']"
437,20171129.mvd2 [2017nov29_OrR_YFP_DAPI_DLG_SYP_60x_cb_anlagen],409376,0.13888805165151769,0.2,0,4,"[0, 0, 0, 0, 'Cy5', 'GFP', 'RFP', 'DAPI']"
438,20171129.mvd2 [2017nov29_OrR_YFP_DAPI_DLG_SYP_60x_cb_nbs],409377,0.13888805165151769,0.2,0,4,"[0, 0, 0, 0, 'Cy5', 'GFP', 'RFP', 'DAPI']"
439,20171129.mvd2 [2017nov29_OrR_YFP_DAPI_DLG_SYP_60x_ol 2],409378,0.13888805165151769,0.2,0,4,"[0, 0, 0, 0, 'Cy5', 'GFP', 'RFP', 'DAPI']"
440,20171129.mvd2 [2017nov29_OrR_YFP_DAPI_DLG_SYP_60x_mb_lobes],409380,0.13888805165151769,0.2,0,4,"[0, 0, 0, 0, 'Cy5', 'GFP', 'RFP', 'DAPI']"
441,20171130.mvd2 [2017nov30_CPTI-001993_YFP_DAPI_DLG_SYP_60x_mb_calyx],409402,0.13888805165151769,0.2,0,4,"[0, 0, 0, 0, 'Cy5', 'GFP', 'RFP', 'DAPI']"
442,20171130.mvd2 [2017nov30_CPTI-001993_YFP_DAPI_DLG_SYP_60x_cb_nbs],409403,0.13888805165151769,0.2,0,4,"[0, 0, 0, 0, 'Cy5', 'GFP', 'RFP', 'DAPI']"
443,20171130.mvd2 [2017nov30_CPTI-001993_YFP_DAPI_DLG_SYP_60x_cb_anlagen],409404,0.13888805165151769,0.2,0,4,"[0, 0, 0, 0, 'Cy5', 'GFP', 'RFP', 'DAPI']"
444,20171130.mvd2 [2017nov30_CPTI-001993_YFP_DAPI_DLG_SYP_60x_OL],409405,0.13888805165151769,0.2,0,4,"[0, 0, 0, 0, 'Cy5', 'GFP', 'RFP', 'DAPI']"
445,20171130.mvd2 [2017nov30_CPTI-001993_YFP_DAPI_DLG_SYP_60x_mb_lobes 2],409408,0.13888805165151769,0.2,0,4,"[0, 0, 0, 0, 'Cy5', 'GFP', 'RFP', 'DAPI']"
446,20171130.mvd2 [2017nov30_OrR_YFP_DAPI_DLG_SYP_60x_mb_calyx],409409,0.13888805165151769,0.2,0,4,"[0, 0, 0, 0, 'Cy5', 'GFP', 'RFP', 'DAPI']"
447,20171130.mvd2 [2017nov30_OrR_YFP_DAPI_DLG_SYP_60x_cb_nbs],409410,0.13888805165151769,0.2,0,4,"[0, 0, 0, 0, 'Cy5', 'GFP', 'RFP', 'DAPI']"
448,20171130.mvd2 [2017nov30_OrR_YFP_DAPI_DLG_SYP_60x_cb_anlagen],409411,0.13888805165151769,0.2,0,4,"[0, 0, 0, 0, 'Cy5', 'GFP', 'RFP', 'DAPI']"
449,20171130.mvd2 [2017nov30_OrR_YFP_DAPI_DLG_SYP_60x_mb_lobes],409414,0.13888805165151769,0.2,0,4,"[0, 0, 0, 0, 'Cy5', 'GFP', 'RFP', 'DAPI']"
450,20180810_OrR_dorsal.oir,547899,0.103580094900373,1.0,242.0,4,"['430.0', '650.0', '500.0', '570.0', 'CH1', 'CH2', 'CH3', 'CH4']"
451,20180810_OrR_ventral.oir,547900,0.103580094900373,1.0,242.0,4,"['430.0', '650.0', '500.0', '570.0', 'CH1', 'CH2', 'CH3', 'CH4']"
452,20180810_CPTI003100_p3_ventral.oir,547902,0.103580094900373,1.0,242.0,4,"['430.0', '650.0', '500.0', '570.0', 'CH1', 'CH2', 'CH3', 'CH4']"
453,20180810_CPTI003100_p4_VNC.oir,547903,0.103580094900373,1.0,242.0,4,"['430.0', '650.0', '500.0', '570.0', 'CH1', 'CH2', 'CH3', 'CH4']"
454,20180810_CPTI003100_p2_dorsal.oir,547904,0.103580094900373,1.0,242.0,4,"['430.0', '650.0', '500.0', '570.0', 'CH1', 'CH2', 'CH3', 'CH4']"
455,20180810_CPTI001771_p4_dorsal.oir,547905,0.103580094900373,1.0,242.0,4,"['430.0', '650.0', '500.0', '570.0', 'CH1', 'CH2', 'CH3', 'CH4']"
456,20180810_CPTI001771_p2_ventral.oir,547906,0.103580094900373,1.0,242.0,4,"['430.0', '650.0', '500.0', '570.0', 'CH1', 'CH2', 'CH3', 'CH4']"
457,20180810_CPTI001771_p3_VNC.oir,547907,0.103580094900373,1.0,242.0,4,"['430.0', '650.0', '500.0', '570.0', 'CH1', 'CH2', 'CH3', 'CH4']"
458,20180810_CPTI001586_p1_dorsal.oir,547908,0.103580094900373,1.0,242.0,4,"['430.0', '650.0', '500.0', '570.0', 'CH1', 'CH2', 'CH3', 'CH4']"
459,20180810_CPTI001586_p3_ventral.oir,547909,0.103580094900373,1.0,242.0,4,"['430.0', '650.0', '500.0', '570.0', 'CH1', 'CH2', 'CH3', 'CH4']"
460,20180810_CPTI001586_p3_VNC.oir,547910,0.103580094900373,1.0,242.0,4,"['430.0', '650.0', '500.0', '570.0', 'CH1', 'CH2', 'CH3', 'CH4']"
461,20180810_CPTI001308_dorsal.oir,547911,0.103580094900373,1.0,242.0,4,"['430.0', '650.0', '500.0', '570.0', 'CH1', 'CH2', 'CH3', 'CH4']"
462,20180810_CPTI001308_ventral.oir,547912,0.103580094900373,1.0,242.0,4,"['430.0', '650.0', '500.0', '570.0', 'CH1', 'CH2', 'CH3', 'CH4']"
463,20180810_CPTI001308_VNC.oir,547913,0.103580094900373,1.0,242.0,4,"['430.0', '650.0', '500.0', '570.0', 'CH1', 'CH2', 'CH3', 'CH4']"
464,20180810_CPTI003100_20x_overview.oir,547915,0.621480569402239,2.5,140.0,4,"['430.0', '650.0', '500.0', '570.0', 'CH1', 'CH2', 'CH3', 'CH4']"
465,20180810_CPTI001771_20x_overview.oir,547916,0.621480569402239,2.5,140.0,4,"['430.0', '650.0', '500.0', '570.0', 'CH1', 'CH2', 'CH3', 'CH4']"
466,20180810_CPTI001586_20x_overview.oir,547917,0.621480569402239,2.5,140.0,4,"['430.0', '650.0', '500.0', '570.0', 'CH1', 'CH2', 'CH3', 'CH4']"
467,20180810_CPTI001308_overview.oir,547918,0.621480569402239,2.5,140.0,4,"['430.0', '650.0', '500.0', '570.0', 'CH1', 'CH2', 'CH3', 'CH4']"
