filename,original_file,ch1,ch2,ch3,ch4,xy_pix,z_pix
382793.ome.tiff,2017oct17_001430(kat80)_20x_YFP_DLG_syp_test1overview2%lasers.czi,405,561,488,0,1.03783228,3
390478.ome.tiff,2017oct23_001180(BNIP3)_control_60x_CB_DAPI_syp_DLG_YFP.oir,420,650,570,500,0.41432038,1.5
390479.ome.tiff,2017oct23_001180(BNIP3)_control_60x_MB_DAPI_syp_DLG_YFP.oir,420,650,570,500,0.41432038,1.5
390480.ome.tiff,2017oct23_001180(BNIP3)_control_60x_OL_DAPI_syp_DLG_YFP.oir,420,650,570,500,0.41432038,1.5
390483.ome.tiff,2017oct23_001180(BNIP3)_test2_20x_DAPI_syp_DLG_YFP.oir,420,570,500,0,1.242961139,3
390484.ome.tiff,2017oct23_001180(BNIP3)_test2_60x_CB_DAPI_syp_DLG_YFP.oir,420,650,570,500,0.41432038,1.5
390486.ome.tiff,2017oct23_001180(BNIP3)_test2_60x_MB_DAPI_syp_DLG_YFP_0001.oir,420,650,570,500,0.41432038,1.5
390487.ome.tiff,2017oct23_001180(BNIP3)_test2_60x_OL_DAPI_syp_DLG_YFP.oir,420,650,570,500,0.41432038,1.5
390989.ome.tiff,2017oct25_001580(Pka-R2)_control_60x_CB_DAPI_syp_DLG_YFP_lowerlaser_0001.oir,420,650,570,500,0.41432038,1.5
390990.ome.tiff,2017oct25_001580(Pka-R2)_control_60x_MB_DAPI_syp_DLG_YFP_lowerlaser.oir,420,650,570,500,0.41432038,1.5
390991.ome.tiff,2017oct25_001580(Pka-R2)_control_60x_OL_DAPI_syp_DLG_YFP_lowerlaser.oir,420,650,570,500,0.41432038,1.5
390992.ome.tiff,2017oct25_001580(Pka-R2)_control_60x_VNC_DAPI_syp_DLG_YFP_lowerlaser.oir,420,650,570,500,0.41432038,1.5
390994.ome.tiff,2017oct25_001580(Pka-R2)_test_20x_DAPI_syp_DLG_YFP_lowerlaser.oir,420,570,500,0,1.242961139,3
390995.ome.tiff,2017oct25_001580(Pka-R2)_test_60x_CB_DAPI_syp_DLG_YFP_lowerlaser.oir,420,650,570,500,0.41432038,1.5
390996.ome.tiff,2017oct25_001580(Pka-R2)_test_60x_MB_DAPI_syp_DLG_YFP_lowerlaser.oir,420,650,570,500,0.41432038,1.5
390997.ome.tiff,2017oct25_001580(Pka-R2)_test_60x_OL_DAPI_syp_DLG_YFP_lowerlaser.oir,420,650,570,500,0.41432038,1.5
390998.ome.tiff,2017oct25_001580(Pka-R2)_test_60x_VNC_DAPI_syp_DLG_YFP_lowerlaser.oir,420,650,570,500,0.41432038,1.5
392276.ome.tiff,2017oct31_001056(CG15307)_control_60x_CB_DAPI_syp_DLG_YFP.oir,420,650,570,500,0.41432038,1.5
392278.ome.tiff,2017oct31_001056(CG15307)_control_60x_OL_DAPI_syp_DLG_YFP.oir,420,650,570,500,0.41432038,1.5
392280.ome.tiff,2017oct31_001056(CG15307)_test_20x_DAPI_syp_DLG_YFP.oir,420,570,500,0,1.242961139,3
392281.ome.tiff,2017oct31_001056(CG15307)_test_60x_CB_DAPI_syp_DLG_YFP.oir,420,650,570,500,0.41432038,1.5
392282.ome.tiff,2017oct31_001056(CG15307)_test_60x_MB_DAPI_syp_DLG_YFP.oir,420,650,570,500,0.41432038,1.5
392283.ome.tiff,2017oct31_001056(CG15307)_test_60x_OL_DAPI_syp_DLG_YFP.oir,420,650,570,500,0.41432038,1.5
400669.ome.tiff,20171111 sd.mvd2 [20171111_CPTI_14-3-3-epsilon_OL_dorsal_60x],DAPI,GFP,RFP,Cy5,0.138888052,0.5
400670.ome.tiff,20171111 sd.mvd2 [20171111_CPTI_14-3-3-epsilon_AL_dorsal_60x],DAPI,GFP,RFP,Cy5,0.138888052,0.5
400671.ome.tiff,20171111 sd.mvd2 [20171111_CPTI_14-3-3-epsilon_MB_dorsal_60x],DAPI,GFP,RFP,Cy5,0.138888052,0.5
400672.ome.tiff,20171111 sd.mvd2 [20171111_CPTI_14-3-3-epsilon_MB_ventral_60x],DAPI,GFP,RFP,Cy5,0.138888052,0.5
400673.ome.tiff,20171111 sd.mvd2 [20171111_CPTI_14-3-3-epsilon_VNC_ventral_60x],DAPI,GFP,RFP,Cy5,0.138888052,0.5
400674.ome.tiff,20171111 sd.mvd2 [20171111_OrR_CPTI_14-3-3-epsilon_OL_dorsal_60x],DAPI,GFP,RFP,Cy5,0.138888052,0.5
400675.ome.tiff,20171111 sd.mvd2 [20171111_OrR_CPTI_14-3-3-epsilon_AL_dorsal_60x],DAPI,GFP,RFP,Cy5,0.138888052,0.5
400676.ome.tiff,20171111 sd.mvd2 [20171111_OrR_CPTI_14-3-3-epsilon_MB_dorsal_60x],DAPI,GFP,RFP,Cy5,0.138888052,0.5
400677.ome.tiff,20171111 sd.mvd2 [20171111_OrR_CPTI_14-3-3-epsilon_MB_ventral_60x],DAPI,GFP,RFP,Cy5,0.138888052,0.5
400678.ome.tiff,20171111 sd.mvd2 [20171111_OrR_CPTI_14-3-3-epsilon_VNC_dorsal_60x],DAPI,GFP,RFP,Cy5,0.138888052,0.5
402006.ome.tiff,2017nov13_000609(Elf)_test_60x_CB_NBs_1024_DAPI_syp_DLG_YFP.oir,420,650,570,500,0.20716019,1.5
402008.ome.tiff,2017nov13_000609(Elf)_test2_20x_1024_DAPI_syp_DLG_YFP.oir,420,570,500,0,0.621480569,3
402009.ome.tiff,2017nov13_000609(Elf)_control_60x_Ol_slower_DAPI_syp_DLG_YFP.oir,420,650,570,500,0.20716019,1.5
402010.ome.tiff,2017nov13_000609(Elf)_control_60x_VNC_slower_DAPI_syp_DLG_YFP.oir,420,650,570,500,0.20716019,1.5
402011.ome.tiff,2017nov13_000609(Elf)_test_60x_CB_anlagen_slower_DAPI_syp_DLG_YFP.oir,420,650,570,500,0.20716019,1.5
402015.ome.tiff,2017nov13_000609(Elf)_test2_60x_Ol_slower_DAPI_syp_DLG_YFP.oir,420,650,570,500,0.20716019,1.5
402016.ome.tiff,2017nov13_000609(Elf)_test2_60x_VNC_slower_DAPI_syp_DLG_YFP.oir,420,650,570,500,0.20716019,1.5
403223.ome.tiff,20171113_CPTI_14-3-3epsilon_overview_dorsal_20x.oir,420,570,500,0,1.242961139,3
403330.ome.tiff,2017nov15_0001414(Qsm)_20x_DAPI_syp_DLG_YFP.oir,420,570,500,0,0.621480569,3
403341.ome.tiff,2017nov15_0001414(Qsm)_60x_test_CBnbs_DAPI_syp_DLG_YFP.oir,420,650,570,500,0.20716019,1.5
404308.ome.tiff,2017nov17_000609(Elf)_60x_MB_cont_DAPI_syp_DLG_YFP.oir,420,650,570,500,0.20716019,1.5
404309.ome.tiff,2017nov17_000609(Elf)_60x_MB_test_DAPI_syp_DLG_YFP.oir,420,650,570,500,0.20716019,1.5
404360.ome.tiff,20171119_OrR_CPTI_sm_OL_dorsal_60x.oir,420,650,570,500,0.165728152,1.5
404361.ome.tiff,20171119_CPTI_sm_NB_ventral_60x.oir,420,650,570,500,0.159353992,0.5
404362.ome.tiff,20171119_OrR_CPTI_sm_MB_ventral_60x.oir,420,650,570,500,0.115088994,1.5
404364.ome.tiff,20171119_CPTI_sm_MB_dorsal_60x.oir,420,650,570,500,0.103580095,1.5
404365.ome.tiff,20171119_OrR_CPTI_sm_MB_dorsal_60x.oir,420,650,570,500,0.115088994,1.5
404366.ome.tiff,20171119_CPTI_sm_OL_dorsal_60x.oir,420,650,570,500,0.175559483,1.5
404367.ome.tiff,20171119_OrR_CPTI_sm_NB_ventral_60x.oir,420,650,570,500,0.159353992,0.5
404368.ome.tiff,20171119_CPTI_sm_MB_ventral_60x.oir,420,650,570,500,0.129475119,1.5
404923.ome.tiff,2017nov21_001595(spen)_20x_test_DAPI_syp_DLG_YFP.oir,420,570,500,0,0.621480569,3
405280.ome.tiff,2017nov22_001595(spen)_60x_control_VNC_DAPI_syp_DLG_YFP.oir,420,650,570,500,0.20716019,1.5
405281.ome.tiff,2017nov22_001595(spen)_60x_control_OL_DAPI_syp_DLG_YFP_0001.oir,420,650,570,500,0.20716019,1.5
405282.ome.tiff,2017nov22_001595(spen)_60x_test_OL_DAPI_syp_DLG_YFP_0001.oir,420,650,570,500,0.20716019,1.5
405283.ome.tiff,2017nov22_001595(spen)_60x_test_VNC_DAPI_syp_DLG_YFP.oir,420,650,570,500,0.20716019,1.5
406717.ome.tiff,2017nov23_001595(spen)_60x_cont_CBan_DAPI_syp_DLG_YFP.oir,420,650,570,500,0.20716019,1.5
406718.ome.tiff,2017nov23_001595(spen)_60x_cont_CBnbs_DAPI_syp_DLG_YFP.oir,420,650,570,500,0.20716019,1.5
406719.ome.tiff,2017nov23_001595(spen)_60x_cont_MBcellbods_DAPI_syp_DLG_YFP.oir,420,650,570,500,0.20716019,1.5
406720.ome.tiff,2017nov23_001595(spen)_60x_cont_MBlobes_DAPI_syp_DLG_YFP.oir,420,650,570,500,0.20716019,1.5
406721.ome.tiff,2017nov23_001595(spen)_60x_test_CBan_DAPI_syp_DLG_YFP.oir,420,650,570,500,0.20716019,1.5
406722.ome.tiff,2017nov23_001595(spen)_60x_test_CBnbs_DAPI_syp_DLG_YFP.oir,420,650,570,500,0.20716019,1.5
406723.ome.tiff,2017nov23_001595(spen)_60x_test_MBcellbods_DAPI_syp_DLG_YFP.oir,420,650,570,500,0.20716019,1.5
406724.ome.tiff,2017nov23_001595(spen)_60x_test_MBcellbods_DAPI_syp_DLG_YFP_0001.oir,420,650,570,500,0.20716019,1.5
406729.ome.tiff,2017nov23_001430(kat80)_60x_control_CBan_DAPI_syp_DLG_YFP.oir,420,650,570,500,0.20716019,1.5
406732.ome.tiff,2017nov23_001430(kat80)_60x_control_OL_DAPI_syp_DLG_YFP_0001.oir,420,650,570,500,0.20716019,1.5
406733.ome.tiff,2017nov23_001430(kat80)_60x_control_VNC_DAPI_syp_DLG_YFP.oir,420,650,570,500,0.20716019,1.5
406734.ome.tiff,2017nov23_001430(kat80)_60x_test_CBan_DAPI_syp_DLG_YFP.oir,420,650,570,500,0.20716019,1.5
406735.ome.tiff,2017nov23_001430(kat80)_60x_test_MBlobes_DAPI_syp_DLG_YFP.oir,420,650,570,500,0.20716019,1.5
406738.ome.tiff,2017nov23_001430(kat80)_60x_test_CBnbs_DAPI_syp_DLG_YFP_0001.oir,420,650,570,500,0.20716019,1.5
406739.ome.tiff,2017nov23_001430(kat80)_60x_test_MB_DAPI_syp_DLG_YFP.oir,420,650,570,500,0.20716019,1.5
406740.ome.tiff,2017nov23_001430(kat80)_60x_test_OL_DAPI_syp_DLG_YFP.oir,420,650,570,500,0.20716019,3
406741.ome.tiff,2017nov23_001430(kat80)_60x_test_VNC_DAPI_syp_DLG_YFP.oir,420,650,570,500,0.20716019,1.5
406827.ome.tiff,20171123_CPTI_sdc_MB_ventral_63x.czi,405,561,561,488,0.131788226,1.5
406828.ome.tiff,20171123_OrR_CPTI_sdc_MB_dorsal_63x.czi,405,561,561,488,0.131788226,1.5
406830.ome.tiff,20171123_CPTI_sdc_OL_dorsal_63x.czi,405,561,561,488,0.131788226,1.5
406831.ome.tiff,20171123_CPTI_sdc_VNC_ventral_63x.czi,405,561,561,488,0.131788226,1.5
406833.ome.tiff,20171123_OrR_CPTI_sdc_MB_ventral_63x.czi,405,561,561,488,0.131788226,1.5
406834.ome.tiff,20171123_OrR_CPTI_sdc_VNC_ventral_63x.czi,405,561,561,488,0.131788226,1.5
406835.ome.tiff,20171123_CPTI_sdc_MB_dorsal_63x.czi,405,561,561,488,0.131788226,1.5
406836.ome.tiff,20171123_CPTI_sdc_overview_dorsal_20x.czi,405,561,488,0,0.415132912,3
406837.ome.tiff,20171123_OrR_CPTI_sdc_OL_dorsal_63x.czi,405,561,561,488,0.131788226,1.5
406910.ome.tiff,2017nov24_001455(nrv2)_20x_test2_DAPI_syp_DLG_YFP.oir,420,570,500,0,1.242961139,3
406911.ome.tiff,2017nov24_001455(nrv2)_60x_contol_CBan_DAPI_syp_DLG_YFP.oir,420,650,570,500,0.20716019,1.5
406913.ome.tiff,2017nov24_001455(nrv2)_60x_contol_CBnbs_DAPI_syp_DLG_YFP_0001.oir,420,650,570,500,0.20716019,1.5
406914.ome.tiff,2017nov24_001455(nrv2)_60x_contol_MBcellbods_DAPI_syp_DLG_YFP.oir,420,650,570,500,0.20716019,1.5
406915.ome.tiff,2017nov24_001455(nrv2)_60x_contol_MBlobes_DAPI_syp_DLG_YFP.oir,420,650,570,500,0.20716019,1.5
406916.ome.tiff,2017nov24_001455(nrv2)_60x_contol_OL_DAPI_syp_DLG_YFP.oir,420,650,570,500,0.20716019,1.5
406917.ome.tiff,2017nov24_001455(nrv2)_60x_contol_VNC_DAPI_syp_DLG_YFP.oir,420,650,570,500,0.20716019,1.5
406919.ome.tiff,2017nov24_001455(nrv2)_60x_test_CBan_DAPI_syp_DLG_YFP.oir,420,650,570,500,0.20716019,1.5
406920.ome.tiff,2017nov24_001455(nrv2)_60x_test_CBnbs_DAPI_syp_DLG_YFP.oir,420,650,570,500,0.20716019,1.5
406921.ome.tiff,2017nov24_001455(nrv2)_60x_test_MB_DAPI_syp_DLG_YFP.oir,420,650,570,500,0.20716019,1.5
406922.ome.tiff,2017nov24_001455(nrv2)_60x_test_MBcellbods_DAPI_syp_DLG_YFP.oir,420,650,570,500,0.20716019,1.5
406923.ome.tiff,2017nov24_001455(nrv2)_60x_test_OL_DAPI_syp_DLG_YFP.oir,420,650,570,500,0.20716019,1.5
406924.ome.tiff,2017nov24_001455(nrv2)_60x_test_VNC_DAPI_syp_DLG_YFP.oir,420,650,570,500,0.20716019,1.5
407398.ome.tiff,2017nov27_003501(eIF-5b)_20x_DAPI_syp_DLG_YFP.oir,420,570,500,0,0.621480569,3
407400.ome.tiff,2017nov27_003501(eIF-5b)_control_60x_CBan_DAPI_syp_DLG_YFP.oir,420,650,570,500,0.20716019,1.5
407402.ome.tiff,2017nov27_003501(eIF-5b)_control_60x_CBnbs_DAPI_syp_DLG_YFP.oir,420,650,570,500,0.20716019,1.5
407403.ome.tiff,2017nov27_003501(eIF-5b)_control_60x_MBlcellbods_DAPI_syp_DLG_YFP.oir,420,650,570,500,0.20716019,1.5
407404.ome.tiff,2017nov27_003501(eIF-5b)_control_60x_MBlobes_DAPI_syp_DLG_YFP.oir,420,650,570,500,0.20716019,1.5
407406.ome.tiff,2017nov27_003501(eIF-5b)_control_60x_OL_DAPI_syp_DLG_YFP.oir,420,650,570,500,0.20716019,1.5
407408.ome.tiff,2017nov27_003501(eIF-5b)_control_60x_VNC_DAPI_syp_DLG_YFP.oir,420,650,570,500,0.20716019,1.5
407410.ome.tiff,2017nov27_003501(eIF-5b)_test_60x_CBan_DAPI_syp_DLG_YFP.oir,420,650,570,500,0.20716019,1.5
407411.ome.tiff,2017nov27_003501(eIF-5b)_test_60x_CBnbs_DAPI_syp_DLG_YFP.oir,420,650,570,500,0.20716019,1.5
407413.ome.tiff,2017nov27_003501(eIF-5b)_test_60x_MBcellbods_DAPI_syp_DLG_YFP.oir,420,650,570,500,0.20716019,1.5
407415.ome.tiff,2017nov27_003501(eIF-5b)_test_60x_MBlobes_DAPI_syp_DLG_YFP.oir,420,650,570,500,0.20716019,1.5
407417.ome.tiff,2017nov27_003501(eIF-5b)_test_60x_OL_DAPI_syp_DLG_YFP.oir,420,650,570,500,0.20716019,1.5
407419.ome.tiff,2017nov27_003501(eIF-5b)_test_60x_VNC_DAPI_syp_DLG_YFP.oir,420,650,570,500,0.20716019,1.5
407745.ome.tiff,20171127_CPTI_mts_overview_dorsal_20x.czi,405,561,488,0,0.51891614,3
407785.ome.tiff,2017nov28_001457(spn)_test2_20x_DAPI_syp_DLG_YFP.oir,420,570,500,0,0.621480569,3
409037.ome.tiff,2017nov29_001473(cpx)_control_60x_CBan_DAPI_syp_DLG_YFP.oir,420,650,570,500,0.20716019,1.5
409038.ome.tiff,2017nov29_001473(cpx)_control_60x_MBcellbods_DAPI_syp_DLG_YFP.oir,420,650,570,500,0.20716019,1.5
409039.ome.tiff,2017nov29_001473(cpx)_control_60x_MBlobes_DAPI_syp_DLG_YFP.oir,420,650,570,500,0.20716019,1.5
409040.ome.tiff,2017nov29_001473(cpx)_control_60x_OL_DAPI_syp_DLG_YFP.oir,420,650,570,500,0.20716019,1.5
409041.ome.tiff,2017nov29_001473(cpx)_control_60x_VNC_DAPI_syp_DLG_YFP.oir,420,650,570,500,0.20716019,1.5
409042.ome.tiff,2017nov29_001473(cpx)_test_20x_DAPI_syp_DLG_YFP.oir,420,570,500,0,0.621480569,3
409043.ome.tiff,2017nov29_001473(cpx)_test_60x_CBan_DAPI_syp_DLG_YFP.oir,420,650,570,500,0.20716019,1.5
409044.ome.tiff,2017nov29_001473(cpx)_test_60x_CBnbs_DAPI_syp_DLG_YFP.oir,420,650,570,500,0.20716019,1.5
409045.ome.tiff,2017nov29_001473(cpx)_test_60x_MBcellbods_DAPI_syp_DLG_YFP.oir,420,650,570,500,0.20716019,1.5
409046.ome.tiff,2017nov29_001473(cpx)_test_60x_MBlobes_DAPI_syp_DLG_YFP.oir,420,650,570,500,0.20716019,1.5
409047.ome.tiff,2017nov29_001473(cpx)_test_60x_OL_DAPI_syp_DLG_YFP.oir,420,650,570,500,0.20716019,1.5
409048.ome.tiff,2017nov29_001473(cpx)_test_60x_VNC_DAPI_syp_DLG_YFP.oir,420,650,570,500,0.20716019,1.5
409356.ome.tiff,20171130_CPTI_ps_overview_dorsal_20x.oir,420,570,500,0,0.994368911,3
409431.ome.tiff,2017nov30_000077(HDAC4)_controlventral_60x_CBan_DAPI_syp_DLG_YFP.oir,420,650,570,500,0.20716019,1.5
409432.ome.tiff,2017nov30_000077(HDAC4)_controlventral_60x_CBnbs_DAPI_syp_DLG_YFP.oir,420,650,570,500,0.20716019,1.5
409433.ome.tiff,2017nov30_000077(HDAC4)_controlventral_60x_MB_DAPI_syp_DLG_YFP.oir,420,650,570,500,0.20716019,1.5
409434.ome.tiff,2017nov30_000077(HDAC4)_controlventral_60x_OL_DAPI_syp_DLG_YFP.oir,420,650,570,500,0.20716019,1.5
409435.ome.tiff,2017nov30_000077(HDAC4)_controlventral_60x_VNC_DAPI_syp_DLG_YFP.oir,420,650,570,500,0.20716019,1.5
409436.ome.tiff,2017nov30_000077(HDAC4)_testdorsal_20x_DAPI_syp_DLG_YFP.oir,420,570,500,0,0.621480569,3
409437.ome.tiff,2017nov30_000077(HDAC4)_testdorsal_60x_MB_DAPI_syp_DLG_YFP.oir,420,650,570,500,0.20716019,1.5
409439.ome.tiff,2017nov30_000077(HDAC4)_testventral_60x_CBan_DAPI_syp_DLG_YFP.oir,420,650,570,500,0.20716019,1.5
409440.ome.tiff,2017nov30_000077(HDAC4)_testventral_60x_CBnbs_DAPI_syp_DLG_YFP.oir,420,650,570,500,0.20716019,1.5
409442.ome.tiff,2017nov30_000077(HDAC4)_testventral_60x_OL_DAPI_syp_DLG_YFP.oir,420,650,570,500,0.20716019,1.5
409443.ome.tiff,2017nov30_000077(HDAC4)_testventral_60x_VNC_DAPI_syp_DLG_YFP.oir,420,650,570,500,0.20716019,1.5
409444.ome.tiff,2017nov30_000077(HDAC4)_testventral_60x_VNC_DAPI_syp_DLG_YFP_0001.oir,420,650,570,500,0.20716019,1.5
409637.ome.tiff,20171130_CPTI_bsg_OL_dorsal_60x.oir,420,650,570,500,0.159353992,1.5
409638.ome.tiff,20171130_OrR_CPTI_bsg_VNC_ventral_60x.oir,420,650,570,500,0.159353992,1.5
409640.ome.tiff,20171130_CPTI_bsg_MB_dorsal_60x.oir,420,650,570,500,0.159353992,1.5
409641.ome.tiff,20171130_OrR_CPTI_bsg_MB_dorsal_60x.oir,420,650,570,500,0.159353992,1.5
409642.ome.tiff,20171130_OrR_CPTI_bsg_NB_ventral_60x.oir,420,650,570,500,0.103580095,0.5
409643.ome.tiff,20171130_OrR_CPTI_bsg_MB_ventral_60x.oir,420,650,570,500,0.159353992,1.5
409644.ome.tiff,20171130_CPTI_bsg_VNC_ventral_60x.oir,420,650,570,500,0.159353992,1.5
409645.ome.tiff,20171130_CPTI_bsg_overview_dorsal_20x.oir,420,570,500,0,0.956123953,3
409648.ome.tiff,20171130_OrR_CPTI_bsg_OL_dorsal_60x.oir,420,650,570,500,0.159353992,1.5
409649.ome.tiff,20171130_CPTI_bsg_MB_ventral_60x.oir,420,650,570,500,0.115088994,1.5
409650.ome.tiff,20171130_CPTI_bsg_NB_ventral_60x.oir,420,650,570,500,0.103580095,0.5
409653.ome.tiff,20171201.mvd2 [20171201_CPTI_ps_MB_dorsal_60x_reimage],DAPI,GFP,RFP,Cy5,0.138888052,0.5
409654.ome.tiff,20171201.mvd2 [20171201_CPTI_ps_OL_dorsal_60x_reimage],DAPI,GFP,RFP,Cy5,0.138888052,0.5
409655.ome.tiff,20171201.mvd2 [20171201_CPTI_ps_AL_dorsal_60x_reimage],DAPI,GFP,RFP,Cy5,0.138888052,0.5
409656.ome.tiff,20171201.mvd2 [20171201_CPTI_ps_MB_ventral_60x_reimage],DAPI,GFP,RFP,Cy5,0.138888052,0.5
409657.ome.tiff,20171201.mvd2 [20171201_CPTI_ps_VNC_ventral_60x_reimage],DAPI,GFP,RFP,Cy5,0.138888052,0.5
409658.ome.tiff,20171201.mvd2 [20171201_CPTI_ps_NB_ventral_60x_reimage_01],DAPI,GFP,RFP,Cy5,0.138888052,0.5
409659.ome.tiff,20171201.mvd2 [20171201_CPTI_ps_NB_ventral_60x_reimage_02],DAPI,GFP,RFP,Cy5,0.138888052,0.5
409660.ome.tiff,20171201.mvd2 [20171201_OrR_CPTI_ps_OL_dorsal_60x_reimage],DAPI,GFP,RFP,Cy5,0.138888052,0.5
409661.ome.tiff,20171201.mvd2 [20171201_OrR_CPTI_ps_AL_dorsal_60x_reimage],DAPI,GFP,RFP,Cy5,0.138888052,0.5
409662.ome.tiff,20171201.mvd2 [20171201_OrR_CPTI_ps_MB_dorsal_60x_reimage],DAPI,GFP,RFP,Cy5,0.138888052,0.5
409663.ome.tiff,20171201.mvd2 [20171201_OrR_CPTI_ps_MB_NB_ventral_60x_reimage],DAPI,GFP,RFP,Cy5,0.138888052,0.5
409664.ome.tiff,20171201.mvd2 [20171201_OrR_CPTI_ps_VNC_ventrall_60x_reimage],DAPI,GFP,RFP,Cy5,0.138888052,0.5
409955.ome.tiff,20171204..mvd2 [20171204_CPTI_mts_NB_ventral_60x_reimage_02],DAPI,GFP,RFP,Cy5,0.138888052,0.5
409956.ome.tiff,20171204..mvd2 [20171204_CPTI_mts_NB_ventral_60x_reimage_03],DAPI,GFP,RFP,Cy5,0.138888052,0.5
409957.ome.tiff,20171204..mvd2 [20171204_OrR_CPTI_mts_NB_ventral_60x_reimage],DAPI,GFP,RFP,Cy5,0.138888052,0.5
409958.ome.tiff,20171204..mvd2 [20171204_CPTI_sdc_NB_ventral_60x_reimage_01],DAPI,GFP,RFP,Cy5,0.138888052,0.5
409960.ome.tiff,20171204..mvd2 [20171204_OrR_CPTI_mts_NB_ventral_60x_reimage],DAPI,GFP,RFP,Cy5,0.138888052,0.5
410687.ome.tiff,2017dec5_000326(Ankle2)_60x_test_CBnbs_DAPI_syp_DLG_YFP.oir,420,650,570,500,0.20716019,3
414151.ome.tiff,201712_CPTI_Indy_overview_dorsal_20x.oir,420,570,500,0,1.242961139,3
414153.ome.tiff,20171211 Indy.mvd2 [20171211_CPTI_Indy_OL_dorsal_60x],DAPI,GFP,RFP,Cy5,0.138888052,0.5
414154.ome.tiff,20171211 Indy.mvd2 [20171211_CPTI_Indy_AL_dorsal_60x],DAPI,GFP,RFP,Cy5,0.138888052,0.5
414155.ome.tiff,20171211 Indy.mvd2 [20171211_CPTI_Indy_MB_dorsal_60x],DAPI,GFP,RFP,Cy5,0.138888052,0.5
414156.ome.tiff,20171211 Indy.mvd2 [20171211_CPTI_Indy_MB_ventral_60x],DAPI,GFP,RFP,Cy5,0.138888052,0.5
414157.ome.tiff,20171211 Indy.mvd2 [20171211_CPTI_Indy_VNC_ventral_60x],DAPI,GFP,RFP,Cy5,0.138888052,0.5
414158.ome.tiff,20171211 Indy.mvd2 [20171211_CPTI_Indy_NB_ventral_60x],DAPI,GFP,RFP,Cy5,0.138888052,0.5
414159.ome.tiff,20171211 Indy.mvd2 [20171211_OrR_CPTI_Indy_OL_dorsal_60x],DAPI,GFP,RFP,Cy5,0.138888052,0.5
414160.ome.tiff,20171211 Indy.mvd2 [20171211_OrR_CPTI_Indy_AL_dorsal_60x],DAPI,GFP,RFP,Cy5,0.138888052,0.5
414161.ome.tiff,20171211 Indy.mvd2 [20171211_OrR_CPTI_Indy_MB_dorsal_60x],DAPI,GFP,RFP,Cy5,0.138888052,0.5
414162.ome.tiff,20171211 Indy.mvd2 [20171211_OrR_CPTI_Indy_MB_NB_ventral_60x],DAPI,GFP,RFP,Cy5,0.138888052,0.5
414163.ome.tiff,20171211 Indy.mvd2 [20171211_OrR_CPTI_Indy_VNC_ventral_60x],DAPI,GFP,RFP,Cy5,0.138888052,0.5
414312.ome.tiff,2017dec12_000326(Ankle2)_60x_controldorsal_MBcellbods_DAPI_syp_DLG_YFP.oir,420,650,570,500,0.20716019,1.5
414314.ome.tiff,2017dec12_000326(Ankle2)_60x_controldorsal_OL_DAPI_syp_DLG_YFP.oir,420,650,570,500,0.20716019,1.5
414573.ome.tiff,2017dec13_003522(BicD)_60x_control_CBan_DAPI_syp_DLG_YFP.oir,420,650,570,500,0.20716019,1.5
414574.ome.tiff,2017dec13_003522(BicD)_60x_control_CBnbs_DAPI_syp_DLG_YFP.oir,420,650,570,500,0.20716019,1.5
414575.ome.tiff,2017dec13_003522(BicD)_60x_control_MBcellbods_DAPI_syp_DLG_YFP.oir,420,650,570,500,0.20716019,1.5
414576.ome.tiff,2017dec13_003522(BicD)_60x_control_MBlobes_DAPI_syp_DLG_YFP.oir,420,650,570,500,0.20716019,1.5
414578.ome.tiff,2017dec13_003522(BicD)_60x_controlventral_VNC_DAPI_syp_DLG_YFP.oir,420,650,570,500,0.20716019,1.5
414579.ome.tiff,2017dec13_003522(BicD)_60x_testventral_CB+MB_DAPI_syp_DLG_YFP.oir,420,650,570,500,0.20716019,1.5
414580.ome.tiff,2017dec13_003522(BicD)_60x_testventral_CBnbs_DAPI_syp_DLG_YFP.oir,420,650,570,500,0.20716019,1.5
414581.ome.tiff,2017dec13_003522(BicD)_60x_testventral_OL_DAPI_syp_DLG_YFP_0001.oir,420,650,570,500,0.20716019,1.5
414582.ome.tiff,2017dec13_003522(BicD)_60x_testventral_MBlobes_DAPI_syp_DLG_YFP.oir,420,650,570,500,0.20716019,1.5
414583.ome.tiff,2017dec13_003522(BicD)_60x_testventral_VNC_DAPI_syp_DLG_YFP.oir,420,650,570,500,0.20716019,1.5
414584.ome.tiff,2017dec13_003522(BicD)_test_20x_DAPI_DLG_syp_YFP.oir,420,570,500,0,0.621480569,1.5
414601.ome.tiff,20171213 mts repeat.mvd2 [20171213_CPTI_mts_OL_dorsal_60x_reimage],DAPI,GFP,RFP,Cy5,0.138888052,0.5
414602.ome.tiff,20171213 mts repeat.mvd2 [20171213_CPTI_mts_AL_dorsal_60x_reimage],DAPI,GFP,RFP,Cy5,0.138888052,0.5
414603.ome.tiff,20171213 mts repeat.mvd2 [20171213_CPTI_mts_MB_dorsal_60x_reimage],DAPI,GFP,RFP,Cy5,0.138888052,0.5
414604.ome.tiff,20171213 mts repeat.mvd2 [20171213_CPTI_mts_MB_ventral_60x_reimage],DAPI,GFP,RFP,Cy5,0.138888052,0.5
414605.ome.tiff,20171213 mts repeat.mvd2 [20171213_CPTI_mts_VNC_ventral_60x_reimage],DAPI,GFP,RFP,Cy5,0.138888052,0.5
414606.ome.tiff,20171213 mts repeat.mvd2 [20171213_OrR_CPTI_mts_OL_dorsal_60x_reimage],DAPI,GFP,RFP,Cy5,0.138888052,0.5
414607.ome.tiff,20171213 mts repeat.mvd2 [20171213_OrR_CPTI_mts_AL_dorsal_60x_reimage],DAPI,GFP,RFP,Cy5,0.138888052,0.5
414608.ome.tiff,20171213 mts repeat.mvd2 [20171213_OrR_CPTI_mts_MB_dorsal_60x_reimage],DAPI,GFP,RFP,Cy5,0.138888052,0.5
414609.ome.tiff,20171213 mts repeat.mvd2 [20171213_OrR_CPTI_mts_MB_ventral_60x_reimage],DAPI,GFP,RFP,Cy5,0.138888052,0.5
414610.ome.tiff,20171213 mts repeat.mvd2 [20171213_OrR_CPTI_mts_VNC_ventral_60x_reimage],DAPI,GFP,RFP,Cy5,0.138888052,0.5
414799.ome.tiff,2017dec14_000318(Chrb)_20x_testdorsal_DAPI_syp_DLG_YFP.oir,420,570,500,0,0.621480569,3
414810.ome.tiff,2017dec14_000318(Chrb)_60x_testventral_MBlobes_DAPI_syp_DLG_YFP.oir,420,650,570,500,0.20716019,1.5
414815.ome.tiff,2017dec14_003532(NLP)_20x_DAPI_syp_DLG_YFP_0001.oir,420,570,500,0,0.621480569,3
414816.ome.tiff,2017dec14_003532(NLP)_60x_control_OL_DAPI_syp_DLG_YFP.oir,420,650,570,500,0.20716019,1.5
414817.ome.tiff,2017dec14_003532(NLP)_60x_test_OL_DAPI_syp_DLG_YFP.oir,420,650,570,500,0.20716019,1.5
415118.ome.tiff,2017dec15_003532(NLP)_60x_control_CBan_DAPI_syp_DLG_YFP.oir,420,650,570,500,0.20716019,1.5
415119.ome.tiff,2017dec15_003532(NLP)_60x_control_CBnbs_DAPI_syp_DLG_YFP.oir,420,650,570,500,0.20716019,1.5
415122.ome.tiff,2017dec15_003532(NLP)_60x_control_VNC_DAPI_syp_DLG_YFP.oir,420,650,570,500,0.20716019,1.5
415125.ome.tiff,2017dec15_003532(NLP)_60x_test_CBan_DAPI_syp_DLG_YFP.oir,420,650,570,500,0.20716019,1.5
415126.ome.tiff,2017dec15_003532(NLP)_60x_test_CBnbs_DAPI_syp_DLG_YFP.oir,420,650,570,500,0.20716019,1.5
415128.ome.tiff,2017dec15_003532(NLP)_60x_test_VNC_DAPI_syp_DLG_YFP.oir,420,650,570,500,0.20716019,1.5
415143.ome.tiff,20171215 CG11486.mvd2 [20171215_OrR_CPTI_CG11486_OL_dorsal_60x],DAPI,GFP,RFP,Cy5,0.138888052,0.5
415723.ome.tiff,201712_CPTI_cat_overview_dorsal_20x.oir,420,570,500,0,1.035800949,3
415725.ome.tiff,20171221 cat.mvd2 [20171221_CPTI_cat_OL_dorsal_60x],DAPI,GFP,RFP,Cy5,0.138888052,0.5
415726.ome.tiff,20171221 cat.mvd2 [20171221_CPTI_cat_AL_dorsal_60x],DAPI,GFP,RFP,Cy5,0.138888052,0.5
415727.ome.tiff,20171221 cat.mvd2 [20171221_CPTI_cat_MB_dorsal_60x],DAPI,GFP,RFP,Cy5,0.138888052,0.5
415728.ome.tiff,20171221 cat.mvd2 [20171221_CPTI_cat_MB_NB_ventral_60x],DAPI,GFP,RFP,Cy5,0.138888052,0.5
415729.ome.tiff,20171221 cat.mvd2 [20171221_CPTI_cat_VNC_ventral_60x],DAPI,GFP,RFP,Cy5,0.138888052,0.5
415730.ome.tiff,20171221 cat.mvd2 [20171221_OrR_CPTI_cat_OL_dorsal_60x],DAPI,GFP,RFP,Cy5,0.138888052,0.5
415731.ome.tiff,20171221 cat.mvd2 [20171221_OrR_CPTI_cat_AL_dorsal_60x],DAPI,GFP,RFP,Cy5,0.138888052,0.5
415732.ome.tiff,20171221 cat.mvd2 [20171221_OrR_CPTI_cat_MB_dorsal_60x],DAPI,GFP,RFP,Cy5,0.138888052,0.5
415733.ome.tiff,20171221 cat.mvd2 [20171221_OrR_CPTI_cat_MB_NB_ventral_60x],DAPI,GFP,RFP,Cy5,0.138888052,0.5
415734.ome.tiff,20171221 cat.mvd2 [20171221_OrR_CPTI_cat_VNC_dorsal_60x],DAPI,GFP,RFP,Cy5,0.138888052,0.5
415904.ome.tiff,20180104_CPTI_zip_overview_dorsal_20x.oir,420,570,500,0,1.242961139,3
415969.ome.tiff,20180108 zip.mvd2 [20180108_CPTI_zip_OL_dorsal_60x],DAPI,GFP,RFP,Cy5,0.138888052,0.5
415970.ome.tiff,20180108 zip.mvd2 [20180108_CPTI_zip_AL_dorsal_60x],DAPI,GFP,RFP,Cy5,0.138888052,0.5
415971.ome.tiff,20180108 zip.mvd2 [20180108_CPTI_zip_MB_dorsal_60x],DAPI,GFP,RFP,Cy5,0.138888052,0.5
415972.ome.tiff,20180108 zip.mvd2 [20180108_CPTI_zip_MB_NB_ventral_60x],DAPI,GFP,RFP,Cy5,0.138888052,0.5
415974.ome.tiff,20180108 zip.mvd2 [20180108_CPTI_zip_VNC_ventral_60x_02],DAPI,GFP,RFP,Cy5,0.138888052,0.5
415975.ome.tiff,20180108 zip.mvd2 [20180108_OrR_CPTI_zip_OL_dorsal_60x],DAPI,GFP,RFP,Cy5,0.138888052,0.5
415976.ome.tiff,20180108 zip.mvd2 [20180108_OrR_CPTI_zip_AL_dorsal_60x],DAPI,GFP,RFP,Cy5,0.138888052,0.5
415977.ome.tiff,20180108 zip.mvd2 [20180108_OrR_CPTI_zip_MB_dorsal_60x],DAPI,GFP,RFP,Cy5,0.138888052,0.5
415978.ome.tiff,20180108 zip.mvd2 [20180108_OrR_CPTI_zip_MB_ventral_60x],DAPI,GFP,RFP,Cy5,0.138888052,0.5
415979.ome.tiff,20180108 zip.mvd2 [20180108_OrR_CPTI_zip_VNC_ventral_60x],DAPI,GFP,RFP,Cy5,0.138888052,0.5
421307.ome.tiff,2018jan16_001277(cold)_60x_test1_VNC_DAPI_syp_DLG_YFP.oir,420,650,570,500,0.20716019,1.5
421315.ome.tiff,2018jan16_001180(BNIP3)_60x_test1_CBan_DAPI_syp_DLG_YFP.oir,420,650,570,500,0.20716019,1.5
421533.ome.tiff,2018jan18_001180(BNIP3)_60x_control_CBan_DAPI_syp_DLG_YFP.oir,420,650,570,500,0.20716019,1.5
421534.ome.tiff,"2018jan18_001180(BNIP3)_60x_control_OL,CBan,CBnbs_DAPI_syp_DLG_YFP.oir",420,650,570,500,0.20716019,1.5
421535.ome.tiff,2018jan18_001180(BNIP3)_60x_control_VNC_DAPI_syp_DLG_YFP.oir,420,650,570,500,0.20716019,1.5
421537.ome.tiff,"2018jan18_001180(BNIP3)_60x_test_OL,CBan,CBnbs_DAPI_syp_DLG_YFP.oir",420,650,570,500,0.20716019,1.5
421538.ome.tiff,2018jan18_001180(BNIP3)_60x_test_VNC_DAPI_syp_DLG_YFP.oir,420,650,570,500,0.20716019,1.5
421541.ome.tiff,2018jan18_000326(Ankle2)_20x_test_DAPI_syp_DLG_YFP.oir,420,570,500,0,0.621480569,3
421542.ome.tiff,2018jan18_000326(Ankle2)_60x_control_CBan_DAPI_syp_DLG_YFP.oir,420,650,570,500,0.20716019,1.5
421543.ome.tiff,2018jan18_000326(Ankle2)_60x_control_CBnbs_DAPI_syp_DLG_YFP.oir,420,650,570,500,0.20716019,1.5
421545.ome.tiff,2018jan18_000326(Ankle2)_60x_control_MBlobes_DAPI_syp_DLG_YFP.oir,420,650,570,500,0.20716019,1.5
421546.ome.tiff,2018jan18_000326(Ankle2)_60x_control_OL_DAPI_syp_DLG_YFP.oir,420,650,570,500,0.20716019,1.5
421547.ome.tiff,2018jan18_000326(Ankle2)_60x_control_VNC_DAPI_syp_DLG_YFP.oir,420,650,570,500,0.20716019,1.5
421548.ome.tiff,2018jan18_000326(Ankle2)_60x_test_CBnbs_DAPI_syp_DLG_YFP.oir,420,650,570,500,0.20716019,1.5
421551.ome.tiff,2018jan18_000326(Ankle2)_60x_test_MBcellbods_DAPI_syp_DLG_YFP.oir,420,650,570,500,0.20716019,1.5
421552.ome.tiff,2018jan18_000326(Ankle2)_60x_test_MBlobes_DAPI_syp_DLG_YFP.oir,420,650,570,500,0.20716019,1.5
421553.ome.tiff,2018jan18_000326(Ankle2)_60x_test_OL_DAPI_syp_DLG_YFP.oir,420,650,570,500,0.20716019,1.5
421554.ome.tiff,2018jan18_000326(Ankle2)_60x_test_VNC_DAPI_syp_DLG_YFP.oir,420,650,570,500,0.20716019,1.5
421935.ome.tiff,2018jan19_001277(cold)_60x_control_MBlobes_DAPI_syp_DLG_YFP.oir,420,650,570,500,0.20716019,1.5
421936.ome.tiff,2018jan19_001277(cold)_60x_control_MBlobes_DAPI_syp_DLG_YFP_0001.oir,420,650,570,500,0.20716019,1.5
421942.ome.tiff,2018jan19_001277(cold)_60x_control_VNC_DAPI_syp_DLG_YFP.oir,420,650,570,500,0.20716019,1.5
421946.ome.tiff,2018jan19_001277(cold)_60x_test_MBlobes_DAPI_syp_DLG_YFP_0001.oir,420,650,570,500,0.20716019,1.5
421954.ome.tiff,2018jan19_001277(cold)_60x_test_VNC_DAPI_syp_DLG_YFP.oir,420,650,570,500,0.20716019,1.5
421957.ome.tiff,2018jan19_001277(cold)_60x_test2_MBcellbods_DAPI_syp_DLG_YFP_0001.oir,420,650,570,500,0.20716019,1.5
430856.ome.tiff,20180209 CG4678.mvd2 [20180209_CPTI_CG4678_OL_dorsal_60x],DAPI,GFP,RFP,Cy5,0.138888052,0.5
430857.ome.tiff,20180209 CG4678.mvd2 [20180209_CPTI_CG4678_AL_dorsal_60x],DAPI,GFP,RFP,Cy5,0.138888052,0.5
430858.ome.tiff,20180209 CG4678.mvd2 [20180209_CPTI_CG4678_MB_dorsal_60x],DAPI,GFP,RFP,Cy5,0.138888052,0.5
430859.ome.tiff,20180209 CG4678.mvd2 [20180209_CPTI_CG4678_MB_ventral_60x],DAPI,GFP,RFP,Cy5,0.138888052,0.5
430861.ome.tiff,20180209 CG4678.mvd2 [20180209_OrR_CPTI_CG4678_MB_dorsal_60x],DAPI,GFP,RFP,Cy5,0.138888052,0.5
430862.ome.tiff,20180209 CG4678.mvd2 [20180209_OrR_CPTI_CG4678_OL_dorsal_60x],DAPI,GFP,RFP,Cy5,0.138888052,0.5
430863.ome.tiff,20180209 CG4678.mvd2 [20180209_OrR_CPTI_CG4678_AL_dorsal_60x],DAPI,GFP,RFP,Cy5,0.138888052,0.5
430864.ome.tiff,20180209 CG4678.mvd2 [20180209_OrR_CPTI_CG4678_MB_ventral_60x],DAPI,GFP,RFP,Cy5,0.138888052,0.5
433640.ome.tiff,2018feb20_001414(Qsm)_60x_testDorsal_CB_YFPex670_syp570_DLG_DAPI.oir,420,650,570,500,0.20716019,1.5
433641.ome.tiff,2018feb20_001414(Qsm)_60x_control_CBan_YFPex670_syp570_DLG_DAPI.oir,420,650,570,500,0.20716019,1.5
433642.ome.tiff,2018feb20_001414(Qsm)_60x_control_MBcb_YFPex670_syp570_DLG_DAPI.oir,420,650,570,500,0.20716019,1.5
433643.ome.tiff,2018feb20_001414(Qsm)_60x_control_MBlob_YFPex670_syp570_DLG_DAPI.oir,420,650,570,500,0.20716019,1.5
433645.ome.tiff,2018feb20_001414(Qsm)_60x_control_OL_YFPex670_syp570_DLG_DAPI.oir,420,650,570,500,0.20716019,1.5
433646.ome.tiff,2018feb20_001414(Qsm)_60x_control_VNC_YFPex670_syp570_DLG_DAPI.oir,420,650,570,500,0.20716019,1.5
433647.ome.tiff,2018feb20_001414(Qsm)_60x_control_VNC_YFPex670_syp570_DLG_DAPI_0001.oir,420,650,570,500,0.20716019,1.5
433649.ome.tiff,2018feb20_001414(Qsm)_60x_te2Vst_MBlobes_YFPex670_syp570_DLG_DAPI.oir,420,650,570,500,0.20716019,1.5
433650.ome.tiff,2018feb20_001414(Qsm)_60x_test_OL_YFPex670_syp570_DLG_DAPI.oir,420,650,570,500,0.20716019,1.5
433652.ome.tiff,2018feb20_001414(Qsm)_60x_test_VNC_YFPex670_syp570_DLG_DAPI.oir,420,650,570,500,0.20716019,1.5
434203.ome.tiff,2018feb21_000318(Chrb)_60x_control_CBan_YFPex670_syp570_DLG_DAPI.oir,420,650,570,500,0.20716019,1.5
434205.ome.tiff,2018feb21_000318(Chrb)_60x_control_CBnbs_YFPex670_syp570_DLG_DAPI_0001.oir,420,650,570,500,0.20716019,1.5
434206.ome.tiff,2018feb21_000318(Chrb)_60x_control_MBcellbodss_YFPex670_syp570_DLG_DAPI.oir,420,650,570,500,0.20716019,1.5
434207.ome.tiff,2018feb21_000318(Chrb)_60x_control_MBlobes_YFPex670_syp570_DLG_DAPI.oir,420,650,570,500,0.20716019,1.5
434208.ome.tiff,2018feb21_000318(Chrb)_60x_control_OL_YFPex670_syp570_DLG_DAPI.oir,420,650,570,500,0.20716019,1.5
434209.ome.tiff,2018feb21_000318(Chrb)_60x_control_VNC_YFPex670_syp570_DLG_DAPI.oir,420,650,570,500,0.20716019,1.5
434210.ome.tiff,2018feb21_000318(Chrb)_60x_control_VNC_YFPex670_syp570_DLG_DAPI_0001.oir,420,650,570,500,0.20716019,1.5
434211.ome.tiff,2018feb21_000318(Chrb)_60x_test_CBan_YFPex670_syp570_DLG_DAPI.oir,420,650,570,500,0.20716019,1.5
434212.ome.tiff,2018feb21_000318(Chrb)_60x_test_CBnbs_YFPex670_syp570_DLG_DAPI.oir,420,650,570,500,0.20716019,1.5
434213.ome.tiff,2018feb21_000318(Chrb)_60x_test_MBcellbods_YFPex670_syp570_DLG_DAPI.oir,420,650,570,500,0.20716019,1.5
434215.ome.tiff,2018feb21_000318(Chrb)_60x_test_MBcellbods_YFPex670_syp570_DLG_DAPI_0002.oir,420,650,570,500,0.20716019,1.5
434216.ome.tiff,2018feb21_000318(Chrb)_60x_test_VNC_YFPex670_syp570_DLG_DAPI_0003.oir,420,650,570,500,0.20716019,1.5
434217.ome.tiff,2018feb21_000318(Chrb)_60x_test_OL_YFPex670_syp570_DLG_DAPI.oir,420,650,570,500,0.20716019,1.5
434218.ome.tiff,2018feb21_001457(spn)_20x_YFPex670_syp570_DLG_DAPI.oir,420,570,500,0,0.621480569,3
434219.ome.tiff,2018feb21_001277(cold)_20x_YFPex670_syp570_DLG_DAPI.oir,420,570,500,0,0.621480569,1.5
434220.ome.tiff,2018feb21_001457(spn)_20x_YFPex670_syp570_DLG_DAPI_0001.oir,420,570,500,0,0.621480569,3
434222.ome.tiff,2018feb21_001457(spn)_60x_control_MB_YFPex670_syp570_DLG_DAPI.oir,420,650,570,500,0.20716019,1.5
434223.ome.tiff,2018feb21_001277(cold)_60x_control_CBan_MBlob_MBcellbods_YFPex670_syp570_DLG_DAPI.oir,420,650,570,500,0.20716019,1.5
434224.ome.tiff,2018feb21_001277(cold)_60x_control_CBnbs_YFPex670_syp570_DLG_DAPI.oir,420,650,570,500,0.20716019,1.5
434225.ome.tiff,2018feb21_001277(cold)_60x_control_OL_YFPex670_syp570_DLG_DAPI.oir,420,650,570,500,0.20716019,1.5
434226.ome.tiff,2018feb21_001457(spn)_60x_control_OL_CBnbs_CBan_MBcellbods_YFPex670_syp570_DLG_DAPI.oir,420,650,570,500,0.20716019,1.5
434228.ome.tiff,2018feb21_001457(spn)_60x_control_VNC_YFPex670_syp570_DLG_DAPI.oir,420,650,570,500,0.20716019,1.5
434229.ome.tiff,2018feb21_001457(spn)_60x_control_VNC_YFPex670_syp570_DLG_DAPI_0001.oir,420,650,570,500,0.20716019,1.5
434231.ome.tiff,2018feb21_001277(cold)_60x_test_CBan_YFPex670_syp570_DLG_DAPI.oir,420,650,570,500,0.20716019,1.5
434232.ome.tiff,2018feb21_001457(spn)_60x_test_MBcellbods_YFPex670_syp570_DLG_DAPI.oir,420,650,570,500,0.20716019,1.5
434233.ome.tiff,2018feb21_001277(cold)_60x_test_CBnbs_YFPex670_syp570_DLG_DAPI.oir,420,650,570,500,0.20716019,1.5
434234.ome.tiff,2018feb21_001457(spn)_60x_test_MBlobes_YFPex670_syp570_DLG_DAPI.oir,420,650,570,500,0.20716019,1.5
434237.ome.tiff,2018feb21_001277(cold)_60x_test_OL_YFPex670_syp570_DLG_DAPI.oir,420,650,570,500,0.20716019,1.5
434238.ome.tiff,2018feb21_001457(spn)_60x_test_OL_CBnbs_CBan_MBcellbods_YFPex670_syp570_DLG_DAPI.oir,420,650,570,500,0.20716019,1.5
434239.ome.tiff,2018feb21_001457(spn)_60x_test_VNC_YFPex670_syp570_DLG_DAPI.oir,420,650,570,500,0.20716019,1.5
434241.ome.tiff,2018feb21_001457(spn)_60x_test_VNC_YFPex670_syp570_DLG_DAPI_0001.oir,420,650,570,500,0.20716019,1.5
504771.ome.tiff,22May2018_CPTI04479_abYFP_Dlg_DAPI_20x.oir,431,570,500,0,1.242961139,3
504772.ome.tiff,22May2018_OrR_Dlg_DAPI_60x_lobe.oir,431,570,650,500,0.41432038,1
504773.ome.tiff,22May2018_CPTI04479_abYFP_Dlg_DAPI_60x_OLandCB.oir,431,570,650,500,0.41432038,1
504776.ome.tiff,22May2018_OrR_Dlg_DAPI_60x_VNC.oir,431,570,650,500,0.41432038,1
504777.ome.tiff,22May2018_CPTI04479_abYFP_Dlg_DAPI_60x_VNC.oir,431,570,650,500,0.41432038,1
504862.ome.tiff,15May2018_OrR_VNC_Dapi_Syp568_YFP647_60x (2).oir,431,570,650,500,0.41432038,1
504864.ome.tiff,15May2018_tapas_Dapi_Syp568_YFP647_20x.oir,431,570,500,0,1.242961139,3
504866.ome.tiff,15May2018_tapas_VNC_Dapi_Syp568_YFP647_60x.oir,431,570,650,500,0.41432038,1
504895.ome.tiff,24May2018_OrR_Dapi_Syp568_YFP647_20x_0001.oir,431,570,500,0,1.242961139,3
504911.ome.tiff,25May2018_OrR_OL_MB_NB_anlagen_Dapi_Syp568_YFP647_60x.oir,431,570,650,500,0.41432038,1
504912.ome.tiff,25May2018_OrR_VNC_Dapi_Syp568_YFP647_60x.oir,431,570,650,500,0.41432038,1
504924.ome.tiff,15May2018_OrR_OL_MB_anlagen_Dapi_Syp568_YFP647_60x.oir,431,570,650,500,0.41432038,1
504925.ome.tiff,15May2018_Piwi_CPTI298_Dapi_Syp568_YFP647_20x.oir,431,570,500,0,1.242961139,3
504926.ome.tiff,15May2018_Piwi_CPTI298_VNC_Dapi_Syp568_YFP647_60x.oir,431,570,650,500,0.41432038,1
504927.ome.tiff,15May2018_Piwi_CPTI298_OL_MB_anlagen_Dapi_Syp568_YFP647_60x.oir,431,570,650,500,0.41432038,1
504928.ome.tiff,15May2018_OrR_VNC_Dapi_Syp568_YFP647_60x.oir,431,570,650,500,0.41432038,1
504929.ome.tiff,15May2018_Piwi_MBdorsal_Dapi_Syp568_YFP647_60x.oir,431,570,650,500,0.41432038,1
504931.ome.tiff,16May2018_RnpS1_CPTI4189_MB_NBs_Dapi_Syp568_YFP647_60x.oir,431,570,650,500,0.41432038,1
504932.ome.tiff,16May2018_RnpS1_CPTI4189_OL_anlagen_Dapi_Syp568_YFP647_60x.oir,431,570,650,500,0.41432038,1
504934.ome.tiff,16May2018_RnpS1_CPTI4189_VNC_Dapi_Syp568_YFP647_60x.oir,431,570,650,500,0.41432038,1
504935.ome.tiff,16May2018_OrR_OL_NBs_Anlagen_Dapi_Syp568_YFP647_60x.oir,431,570,650,500,0.41432038,1
504936.ome.tiff,16May2018_RnpS1_CPTI4189_AOI_Dapi_Syp568_YFP647_60x.oir,431,570,650,500,0.41432038,1
504938.ome.tiff,16May2018_OrR_VNC_Dapi_Syp568_YFP647_60x.oir,431,570,650,500,0.41432038,1
504948.ome.tiff,18May2018_OrR_OL_MB_NB_anlagen_Dapi_Syp568_YFP647_60x.oir,431,570,650,500,0.41432038,1
504949.ome.tiff,18May2018_ZAP3_OL_MB_ NBs_ Anlagen_Dapi_Syp568_YFP647_60x.oir,431,570,650,500,0.41432038,1
504950.ome.tiff,18May2018_ZAP3_VNC_Dapi_Syp568_YFP647_60x.oir,431,570,650,500,0.41432038,1
504952.ome.tiff,18May2018_ZAP3_Dapi_Syp568_YFP647_20x.oir,431,570,500,0,1.242961139,3
504953.ome.tiff,18May2018_OrR_VNC_Dapi_Syp568_YFP647_60x.oir,431,570,650,500,0.41432038,1
505406.ome.tiff,4Jun2018_CG6398_OL_MB_NB_anlagen_Dapi_Syp568_YFP647_60x.oir,570,640,410,490,0.41432038,1
505407.ome.tiff,4Jun2018_OrR_VNC_Dapi_Syp568_YFP647_60x.oir,570,640,410,490,0.41432038,1
505408.ome.tiff,4Jun2018_CG6398_OL_MB_NB_anlagen_Dapi_Syp568_YFP647_60x_0001.oir,570,640,410,490,0.41432038,1
505409.ome.tiff,4Jun2018_CG6398_OL_MB_NB_anlagen_Dapi_Syp568_YFP647_60x_0002.oir,570,640,410,490,0.41432038,1
505410.ome.tiff,4Jun2018_CG6398_VNC_Dapi_Syp568_YFP647_60x.oir,570,640,410,490,0.41432038,1
505412.ome.tiff,4Jun2018_CG6398_Dapi_Syp568_YFP647_20x_0001.oir,570,640,410,490,1.242961139,3
505413.ome.tiff,4Jun2018_OrR_OL_MB_NB_anlagen_Dapi_Syp568_YFP647_60x.oir,570,640,410,490,0.41432038,1
505416.ome.tiff,5Jun2018_OrR_OL_MB_NB_anlagen_Dapi_Syp568_YFP647_60x.oir,570,640,410,490,0.41432038,1
505417.ome.tiff,5Jun2018_22p_Dapi_Syp568_YFP647_20x.oir,570,410,490,0,1.242961139,3
505418.ome.tiff,5Jun2018_22p_VNC_Dapi_Syp568_YFP647_60x.oir,570,640,410,490,0.41432038,1
505421.ome.tiff,5Jun2018_22p_OL_MB_NB_anlagen_Dapi_Syp568_YFP647_60x_0001.oir,570,640,410,490,0.41432038,1
505422.ome.tiff,5Jun2018_22p_OL_MB_NB_anlagen_Dapi_Syp568_YFP647_60x.oir,570,640,410,490,0.41432038,1
505423.ome.tiff,5Jun2018_OrR_VNC_Dapi_Syp568_YFP647_60x.oir,570,640,410,490,0.41432038,1
506626.ome.tiff,7June2018_CPTI002324_cindrYFP_NoDlg_DAPI_20x.oir,431,570,500,0,1.242961139,3
506894.ome.tiff,7Jun2018_fz2_OL_anlagen_Dapi_Syp568_YFP647_60x.oir,570,640,410,490,0.41432038,1
506920.ome.tiff,7Jun2018_fz2_OL_MB_NB_anlagen_Dapi_Syp568_YFP647_60x_0002.oir,570,640,410,490,0.41432038,1
506926.ome.tiff,7Jun2018_fz2_Dapi_Syp568_YFP647_20x_0001.oir,570,410,490,0,1.242961139,2
507089.ome.tiff,7Jun2018_larp_Dapi_Syp568_YFP647_20x_0001.oir,570,410,490,0,1.242961139,2
507091.ome.tiff,8Jun2018_larp_NB_MB_Dapi_Syp568_YFP647_60x.oir,570,640,410,490,0.41432038,1
507094.ome.tiff,8Jun2018_larp_OL_anlagen_Dapi_Syp568_YFP647_60x.oir,570,640,410,490,0.41432038,1
507095.ome.tiff,8Jun2018_larp_VNC_Dapi_Syp568_YFP647_60x.oir,570,640,410,490,0.41432038,1
508808.ome.tiff,12Jun2018_tapas_anlagen_Dapi_Syp568_YFP647_60x.oir,570,640,410,490,0.118377251,1
508811.ome.tiff,12Jun2018_tapas_Calyx_Dapi_Syp568_YFP647_60x.oir,570,640,410,490,0.118377251,0.5
508816.ome.tiff,12Jun2018_tapas_MBlobes_Dapi_Syp568_YFP647_60x.oir,570,640,410,490,0.118377251,0.7
508817.ome.tiff,12Jun2018_tapas_NB_Dapi_Syp568_YFP647_60x.oir,570,640,410,490,0.118377251,0.5
508818.ome.tiff,12Jun2018_tapas_OL_Dapi_Syp568_YFP647_60x.oir,570,640,410,490,0.118377251,0.7
515891.ome.tiff,2018.06.14_OrR_NoDlg_DAPI_60x_CB surface.oir,570,640,410,490,0.103580095,1
515893.ome.tiff,2018.06.14_CPTI003394_FimYFP_NoDlg_DAPI_60x_MB_calyx.oir,570,640,410,490,0.103580095,1
515894.ome.tiff,2018.06.14_CPTI003394_FimYFP_NoDlg_DAPI_60x_VNC mid.oir,570,640,410,490,0.103580095,1
515896.ome.tiff,2018.06.14_OrR_NoDlg_DAPI_60x_VNC surface.oir,570,640,410,490,0.103580095,1
515899.ome.tiff,2018.06.14_OrR_NoDlg_DAPI_60x_MB calyx.oir,570,640,410,490,0.103580095,1
515903.ome.tiff,2018.06.14_OrR_NoDlg_DAPI_60x_OL mid.oir,570,640,410,490,0.103580095,1
515907.ome.tiff,2018.06.14_OrR_NoDlg_DAPI_60x_MB lobe.oir,570,640,410,490,0.103580095,1
515909.ome.tiff,2018.06.14_OrR_NoDlg_DAPI_60x_OL surface.oir,570,640,410,490,0.103580095,1
515911.ome.tiff,2018.06.14_OrR_NoDlg_DAPI_60x_VNC mid.oir,570,640,410,490,0.103580095,1
515914.ome.tiff,2018.06.14_CPTI003394_FimYFP_NoDlg_DAPI_20x.oir,570,410,490,0,0.564982336,3
515916.ome.tiff,2018.06.14_CPTI003394_FimYFP_NoDlg_DAPI_60x_OL_surface.oir,570,640,410,490,0.103580095,1
515917.ome.tiff,2018.06.14_CPTI003394_FimYFP_NoDlg_DAPI_60x_VNC surface.oir,570,640,410,490,0.103580095,1
515919.ome.tiff,2018.06.14_OrR_NoDlg_DAPI_60x_CB analagon.oir,570,640,410,490,0.103580095,1
515920.ome.tiff,2018.06.14_CPTI003394_FimYFP_NoDlg_DAPI_60x_CB_surface.oir,570,640,410,490,0.103580095,1
515923.ome.tiff,2018.06.14_CPTI003394_FimYFP_NoDlg_DAPI_60x_OL_deep.oir,570,640,410,490,0.103580095,1
515925.ome.tiff,2018.06.14_CPTI003394_FimYFP_NoDlg_DAPI_60x_CB_analagon.oir,570,640,410,490,0.103580095,1
515927.ome.tiff,2018.06.14_CPTI003394_FimYFP_NoDlg_DAPI_60x_MB lobe2.oir,570,640,410,490,0.103580095,1
520301.ome.tiff,2018.06.15_Cam_x60_CB_analagon.oir,570,640,410,490,0.103580095,1
520302.ome.tiff,2018.06.15_Cam_x60_OL_deep.oir,570,640,410,490,0.103580095,1
520303.ome.tiff,2018.06.15_OrR_x60_MB_lobe.oir,570,640,410,490,0.103580095,1
520304.ome.tiff,2018.06.15_OrR_x60_VNC_surface.oir,570,640,410,490,0.103580095,1
520305.ome.tiff,2018.06.15_Cam_x20.oir,570,410,490,0,0.621480569,3
520306.ome.tiff,2018.06.15_Cam_x60_MB_lobe.oir,570,640,410,490,0.103580095,1
520308.ome.tiff,2018.06.15_Cam_x60_OL_surface.oir,570,640,410,490,0.103580095,1
520309.ome.tiff,2018.06.15_Cam_x60_CB_surface.oir,570,640,410,490,0.103580095,1
520310.ome.tiff,2018.06.15_Cam_x60_VNC_surface.oir,570,640,410,490,0.103580095,1
520311.ome.tiff,2018.06.15_OrR_x60_CB_analagon.oir,570,640,410,490,0.103580095,1
520312.ome.tiff,2018.06.15_OrR_x60_OL_surface.oir,570,640,410,490,0.103580095,1
520314.ome.tiff,2018.06.15_OrR_x60_CB_surface.oir,570,640,410,490,0.103580095,1
520315.ome.tiff,2018.06.15_OrR_x60_OL_mid.oir,570,640,410,490,0.103580095,1
520316.ome.tiff,2018.06.15_Cam_x60_MB_calyx_2.oir,570,640,410,490,0.103580095,1
520317.ome.tiff,2018.06.15_Cam_x60_VNC_mid.oir,570,640,410,490,0.103580095,1
520319.ome.tiff,2018.06.15_OrR_x60_MB_calyx.oir,570,640,410,490,0.103580095,1
520320.ome.tiff,2018.06.15_OrR_x60_VNC_mid.oir,570,640,410,490,0.103580095,1
520551.ome.tiff,20Jun2018_OrR_anlagen_Dapi_Syp568_YFP647_60x_0001.oir,570,640,410,490,0.092071195,1
520552.ome.tiff,20Jun2018_OrR_Calyx_Dapi_Syp568_YFP647_60x.oir,570,640,410,490,0.094163723,1
520553.ome.tiff,20Jun2018_OrR_MBlobe_Dapi_Syp568_YFP647_60x.oir,570,640,410,490,0.095907495,1
520554.ome.tiff,20Jun2018_OrR_NB_Dapi_Syp568_YFP647_60x.oir,570,640,410,490,0.091059424,1
520555.ome.tiff,20Jun2018_OrR_OL_Dapi_Syp568_YFP647_60x.oir,570,640,410,490,0.096803827,1
521123.ome.tiff,2018.06.19_OrR_x60_MB_lobe.oir,570,640,410,490,0.103580095,1
521124.ome.tiff,2018.06.19_OrR_x60_OL_deep.oir,570,640,410,490,0.103580095,1
521125.ome.tiff,2018.06.19_Twin_x60_CB_surface.oir,570,640,410,490,0.103580095,1
521126.ome.tiff,2018.06.19_Twin_x60_VNC_surface.oir,570,640,410,490,0.103580095,1
521127.ome.tiff,2018.06.19_OrR_x60_VNC_deep.oir,570,640,410,490,0.103580095,1
521128.ome.tiff,2018.06.19_Twin_x60_MB_calyx.oir,570,640,410,490,0.103580095,1
521129.ome.tiff,2018.06.19_Twin_x60_MB_lobe.oir,570,640,410,490,0.103580095,1
521130.ome.tiff,2018.06.19_OrR_x60_CB_analagon.oir,570,640,410,490,0.103580095,1
521131.ome.tiff,2018.06.19_Twin_x20.oir,570,410,490,0,0.621480569,3
521133.ome.tiff,2018.06.19_Twin_x60_OL_surface.oir,570,640,410,490,0.103580095,1
521134.ome.tiff,2018.06.19_Twin_x60_OL_deep.oir,570,640,410,490,0.103580095,1
521135.ome.tiff,2018.06.19_OrR_x60_VNC_surface.oir,570,640,410,490,0.103580095,1
521137.ome.tiff,2018.06.19_OrR_x60_MB_calyx.oir,570,640,410,490,0.103580095,1
521138.ome.tiff,2018.06.19_OrR_x60_OL_surface.oir,570,640,410,490,0.103580095,1
521139.ome.tiff,2018.06.19_OrR_x60_CB_surface.oir,570,640,410,490,0.103580095,1
521140.ome.tiff,2018.06.19_Twin_x60_CB_analagon.oir,570,640,410,490,0.103580095,1
521141.ome.tiff,2018.06.19_Twin_x60_VNC_deep.oir,570,640,410,490,0.103580095,1
522449.ome.tiff,20180623_CPTI_Bol_YFP_syp_venusYFP_60x_VNC_ventral.oir,430,650,500,570,0.103580095,1
522450.ome.tiff,20180623_OrR_CPTI_Bol_YFP_syp_venusYFP_60x_dorsal.oir,430,650,500,570,0.103580095,1
522452.ome.tiff,20180623_OrR_CPTI_Bol_YFP_syp_venusYFP_60x_ventral.oir,430,650,500,570,0.103580095,1
522453.ome.tiff,20180622_CPTI_Bol_YFP_syp_venusYFP_overview_20x_dorsal.oir,430,500,570,0,0.621480569,2
522454.ome.tiff,20180623_CPTI_Bol_YFP_syp_venusYFP_60x_ventral.oir,430,650,500,570,0.103580095,1
522455.ome.tiff,20180623_CPTI_Bol_YFP_syp_venusYFP_60x_dorsal.oir,430,650,500,570,0.103580095,1
522456.ome.tiff,20180623_OrR_CPTI_Bol_YFP_syp_venusYFP_60x_VNC_ventral.oir,430,650,500,570,0.103580095,1
522830.ome.tiff,2018.06.26_CPTI003472_MSP300YFP_NoDlg_DAPI_x60_CB analagon.oir,570,640,410,490,0.103580095,1
522832.ome.tiff,2018.06.26_OrR_NoDlg_DAPI_x60_VNC surface.oir,570,640,410,490,0.103580095,1
522833.ome.tiff,2018.06.26_OrR_NoDlg_DAPI_x60_VNC mid.oir,570,640,410,490,0.103580095,1
522836.ome.tiff,2018.06.26_OrR_NoDlg_DAPI_x60_MB lobe.oir,570,640,410,490,0.103580095,1
522837.ome.tiff,2018.06.26_OrR_NoDlg_DAPI_x60_OL deep.oir,570,640,410,490,0.103580095,1
522838.ome.tiff,2018.06.26_CPTI003472_MSP300YFP_NoDlg_DAPI_x60_OL deep.oir,570,640,410,490,0.103580095,1
522840.ome.tiff,2018.06.26_CPTI003472_MSP300YFP_NoDlg_DAPI_x60_MB_lobe.oir,570,640,410,490,0.103580095,1
522841.ome.tiff,2018.06.26_CPTI003472_MSP300YFP_NoDlg_DAPI_x60_VNC_surface.oir,570,640,410,490,0.103580095,1
522846.ome.tiff,2018.06.26_CPTI003472_MSP300YFP_NoDlg_DAPI_x60_VNC_deep_2.oir,570,640,410,490,0.103580095,1
522848.ome.tiff,2018.06.26_OrR_NoDlg_DAPI_x60_CB analagon.oir,570,640,410,490,0.103580095,1
523700.ome.tiff,2018.06.21_CPTI002324_cindrYFP_noDlg_DAPI_60x_VNC_mid.oir,570,640,410,490,0.103580095,1
523701.ome.tiff,2018.06.21_CPTI002324_cindrYFP_noDlg_DAPI_60x_OL surface.oir,570,640,410,490,0.103580095,1
523702.ome.tiff,2018.06.21_CPTI002324_cindrYFP_noDlg_DAPI_60x_VNC_surface.oir,570,640,410,490,0.103580095,1
523703.ome.tiff,2018.06.21_CPTI002324_cindrYFP_noDlg_DAPI_60x_CB surface.oir,570,640,410,490,0.103580095,1
523704.ome.tiff,2018.06.21_CPTI002324_cindrYFP_noDlg_DAPI_60x_CB_analagon.oir,570,640,410,490,0.103580095,1
523705.ome.tiff,2018.06.21_OrR_noDlg_DAPI_60x_MB_calyx.oir,570,640,410,490,0.103580095,1
523706.ome.tiff,2018.06.21_OrR_noDlg_DAPI_60x_MB_lobe.oir,570,640,410,490,0.103580095,1
523708.ome.tiff,2018.06.21_OrR_noDlg_DAPI_60x_VNC deep.oir,570,640,410,490,0.103580095,1
523709.ome.tiff,2018.06.21_OrR_noDlg_DAPI_60x_VNC surface.oir,570,640,410,490,0.103580095,1
523713.ome.tiff,2018.06.21_OrR_noDlg_DAPI_60x_OL deep.oir,570,640,410,490,0.103580095,1
523717.ome.tiff,2018.06.21_CPTI002324_cindrYFP_noDlg_DAPI_60x_MB lobe.oir,570,640,410,490,0.103580095,1
523718.ome.tiff,2018.06.21_CPTI002324_cindrYFP_noDlg_DAPI_60x_OL deep.oir,570,640,410,490,0.103580095,1
523720.ome.tiff,2018.06.21_CPTI002324_cindrYFP_noDlg_DAPI_60x_MB_calyx.oir,570,640,410,490,0.103580095,1
523721.ome.tiff,2018.06.21_OrR_noDlg_DAPI_60x_CB surface.oir,570,640,410,490,0.103580095,1
523723.ome.tiff,2018.06.21_OrR_noDlg_DAPI_60x_OL surface.oir,570,640,410,490,0.103580095,1
523725.ome.tiff,2018.06.21_OrR_noDlg_DAPI_60x_CB_analagon.oir,570,640,410,490,0.103580095,1
525252.ome.tiff,2018.07.07_CPTI003472_MSP300YFP_NoDlg_DAPI_x20.oir,570,410,490,0,0.621480569,3
525253.ome.tiff,2018.07.07_CPTI003472_MSP300YFP_NoDlg_DAPI_x60_calyx.oir,570,640,410,490,0.103580095,1
525254.ome.tiff,2018.07.07_CPTI003472_MSP300YFP_NoDlg_DAPI_x60_OL surface.oir,570,640,410,490,0.103580095,1
525256.ome.tiff,2018.07.07_OrR_NoDlg_DAPI_x60_OL surface.oir,570,640,410,490,0.103580095,1
525257.ome.tiff,2018.07.07_OrR_NoDlg_DAPI_x60_calyx.oir,570,640,410,490,0.103580095,1
525258.ome.tiff,2018.07.07_OrR_NoDlg_DAPI_x60_CB surface.oir,570,640,410,490,0.103580095,1
525259.ome.tiff,2018.07.07_CPTI003472_MSP300YFP_NoDlg_DAPI_x60_CB surface.oir,570,640,410,490,0.103580095,1
525271.ome.tiff,20180706_OrR_CPTI_Aats-His_YFP_syp_venusYFP_60x_NB_ventral.oir,430,650,500,570,0.138106793,0.5
525272.ome.tiff,20180706_CPTI_Aats-His_YFP_syp_venusYFP_60x_VNC_ventral.oir,430,650,500,570,0.138106793,1
525273.ome.tiff,20180706_CPTI_Aats-His_YFP_syp_venusYFP_20x_overview_dorsal.oir,430,500,570,0,0.621480569,3
525274.ome.tiff,20180706_CPTI_Aats-His_YFP_syp_venusYFP_60x_OL_dorsal.oir,430,650,500,570,0.115088994,1
525275.ome.tiff,20180706_OrR_CPTI_Aats-His_YFP_syp_venusYFP_60x_OL_dorsal.oir,430,650,500,570,0.115088994,1
525276.ome.tiff,20180706_CPTI_Aats-His_YFP_syp_venusYFP_60x_MB_dorsal.oir,430,650,500,570,0.138106793,1
525277.ome.tiff,20180706_OrR_CPTI_Aats-His_YFP_syp_venusYFP_60x_MB_dorsal.oir,430,650,500,570,0.138106793,1
525278.ome.tiff,20180706_OrR_CPTI_Aats-His_YFP_syp_venusYFP_60x_VNC_ventral.oir,430,650,500,570,0.138106793,1
525279.ome.tiff,20180706_CPTI_Aats-His_YFP_syp_venusYFP_60x_MB_ventral.oir,430,650,500,570,0.138106793,1
525280.ome.tiff,20180706_CPTI_Aats-His_YFP_syp_venusYFP_60x_NB_ventral.oir,430,650,500,570,0.138106793,0.5
525281.ome.tiff,20180706_OrR_CPTI_Aats-His_YFP_syp_venusYFP_60x_MB_ventral.oir,430,650,500,570,0.138106793,1
525288.ome.tiff,20180706_CPTI_Vha55_YFP_syp_venusYFP_60x_dorsal_OL.oir,430,650,500,570,0.115088994,1
525289.ome.tiff,20180706_OrR_CPTI_Vha55_YFP_syp_venusYFP_60x_ventral_NB.oir,430,650,500,570,0.142869096,0.5
525290.ome.tiff,20180706_CPTI_Vha55_YFP_syp_venusYFP_60x_ventral_NB.oir,430,650,500,570,0.142869096,0.5
525291.ome.tiff,20180706_CPTI_Vha55_YFP_syp_venusYFP_60x_ventral_VNC.oir,430,650,500,570,0.142869096,1
525292.ome.tiff,20180706_OrR_CPTI_Vha55_YFP_syp_venusYFP_60x_dorsal_OL.oir,430,650,500,570,0.115088994,1
525293.ome.tiff,20180706_OrR_CPTI_Vha55_YFP_syp_venusYFP_60x_dorsal_MB.oir,430,650,500,570,0.142869096,1
525294.ome.tiff,20180706_CPTI_Vha55_YFP_syp_venusYFP_60x_dorsal_MB.oir,430,650,500,570,0.142869096,1
525295.ome.tiff,20180706_OrR_CPTI_Vha55_YFP_syp_venusYFP_60x_ventral_VNC.oir,430,650,500,570,0.142869096,1
525296.ome.tiff,20180706_CPTI_Vha55_YFP_syp_venusYFP_60x_ventral_MB.oir,430,650,500,570,0.142869096,1
525297.ome.tiff,20180709_CPTI_vha55_YFP_syp_20x_dorsal_overview.oir,430,500,570,0,0.621480569,3
525299.ome.tiff,20180706_OrR_CPTI_Vha55_YFP_syp_venusYFP_60x_ventral_MB.oir,430,650,500,570,0.142869096,1
525317.ome.tiff,20180709_CPTI_AMPdeaminase_YFP_syp_20x_dorsal_overview.oir,430,500,570,0,0.621480569,3
530031.ome.tiff,19072018_OrR_DAPI_syp_venusYFP_OLAnlagen_dorsal_60x.oir,570,640,410,490,0.129475119,1.5
530033.ome.tiff,19072018_OrR_DAPI_syp_venusYFP_VNC_dorsal_60x.oir,570,640,410,490,0.103580095,1.5
530035.ome.tiff,19072018_OrR_DAPI_syp_venusYFP_MBcalyx_dorsal_60x.oir,570,640,410,490,0.103580095,1
530037.ome.tiff,19072018_OrR_DAPI_syp_venusYFP_CB_ventral_60x.oir,570,640,410,490,0.103580095,1
530040.ome.tiff,19072018_OrR_DAPI_syp_venusYFP_MBlobes_ventral_60x.oir,570,640,410,490,0.103580095,1
530041.ome.tiff,19072018_OrR_DAPI_syp_venusYFP_VNC_ventral_60x.oir,570,640,410,490,0.103580095,1
530052.ome.tiff,20072018_CPTI-100012_CG1648_DAPI_syp_venusYFP_OLAnlagen_dorsal_60x.oir,570,640,410,490,0.147971564,1
530054.ome.tiff,20072018_CPTI-100012_CG1648_DAPI_syp_venusYFP_CB_ventral_60x.oir,570,640,410,490,0.103580095,1
530055.ome.tiff,20072018_CPTI-100012_CG1648_DAPI_syp_venusYFP_MBlobes_ventral_60x.oir,570,640,410,490,0.103580095,1
530056.ome.tiff,20072018_CPTI-100012_CG1648_DAPI_syp_venusYFP_VNC_ventral_60x.oir,570,640,410,490,0.103580095,1.5
530057.ome.tiff,20072018_CPTI-100012_CG1648_DAPI_syp_venusYFP_MBcalyx_dorsal_60x.oir,570,640,410,490,0.103580095,1
530058.ome.tiff,20072018_CPTI-100012_CG1648_DAPI_syp_venusYFP_VNC_dorsal_60x.oir,570,640,410,490,0.103580095,1.5
530059.ome.tiff,20072018_CPTI-100012_CG1648_DAPI_syp_venusYFP_overview_dorsal_20x.oir,570,410,490,0,0.621480569,3
540320.ome.tiff,31072018_CPTI-000033_CG42342_DAPI_syp_venusYFP_overview_dorsal_20x.oir,570,410,490,0,0.621480569,3
579642.ome.tiff,g1_overview_20x.oir,430,500,570,0,0.621480569,3
579643.ome.tiff,g2_overview_20x.oir,430,500,570,0,0.621480569,3
579644.ome.tiff,g3_overview_20x.oir,430,500,570,0,0.621480569,3
579645.ome.tiff,g3_overview_20x.oir,430,500,570,0,0.621480569,3
579646.ome.tiff,g2_overview_20x.oir,430,500,570,0,0.621480569,3
579647.ome.tiff,g1_overview_20x.oir,430,500,570,0,0.621480569,3
579648.ome.tiff,g4_overview_20x.oir,430,500,570,0,0.621480569,3
579650.ome.tiff,g4_overview_20x.oir,430,500,570,0,0.621480569,3
579651.ome.tiff,g2_overview_20x.oir,430,500,570,0,0.621480569,3
579652.ome.tiff,g1_overview_20x.oir,430,500,570,0,0.621480569,3
579653.ome.tiff,g3_overview_20x.oir,430,500,570,0,0.621480569,3
579655.ome.tiff,g3_overview_20x.oir,430,500,570,0,0.621480569,3
579656.ome.tiff,g2_overview_20x.oir,430,500,570,0,0.621480569,3
579658.ome.tiff,g4_overview_20x.oir,430,500,570,0,0.621480569,3
579659.ome.tiff,g1_overview_20x.oir,430,500,570,0,0.621480569,3
579661.ome.tiff,g4_overview_20x.oir,430,500,570,0,0.621480569,3
579662.ome.tiff,g1_overview_20x.oir,430,500,570,0,0.621480569,3
579664.ome.tiff,g2_overview_20x.oir,430,500,570,0,0.621480569,3
584882.ome.tiff,05Sep_Eif4A_CPTI002562_20x.oir,430,500,570,0,0.621480569,3
584982.ome.tiff,05Sep_Eif4A_CPTI002562_60x_Lobe.oir,430,650,500,570,0.103580095,1
584983.ome.tiff,05Sep_Eif4A_CPTI002562_60x_WholeLobe.oir,430,650,500,570,0.103580095,1
598888.ome.tiff,0774_overview_20x.oir,430,500,570,0,0.621480569,3
598889.ome.tiff,0038_overview_20x.oir,430,500,570,0,0.621480569,3
598890.ome.tiff,2905_overview_20x.oir,430,500,570,0,0.621480569,3
598891.ome.tiff,1409_overview_20x.oir,430,500,570,0,0.621480569,3