filename,original_file,ch1,ch2,ch3,ch4,xy_pix,z_pix
151287.ome.tiff,20160526_002223.mvd2 [20160526_CPTI-002223_MB_larvae1_1],Far-Red 7,GFP,DAPI,RFP,0.13888805165151769,0.35
151289.ome.tiff,20160526_002223.mvd2 [20160526_CPTI-002223_MB_larvae2_3],Far-Red 7,GFP,DAPI,RFP,0.13888805165151769,0.35
169064.ome.tiff,20160712_Atpalpha_Venus_Dlg_DAPI_20X_2.ome.tiff,Far Red,RFP,GFP,DAPI,0.418,0.5
169066.ome.tiff,20160712_Atpalpha_Venus_Dlg_DAPI_MB_2.ome.tiff,Far Red,RFP,GFP,DAPI,0.139,0.35
169069.ome.tiff,20160712_Atpalpha_Venus_Dlg_DAPI_NB_2.ome.tiff,Far Red,RFP,GFP,DAPI,0.139,0.35
169071.ome.tiff,20160712_Atpalpha_Venus_Dlg_DAPI_OL_2.ome.tiff,Far Red,RFP,GFP,DAPI,0.139,0.35
169073.ome.tiff,20160712_Atpalpha_Venus_Dlg_DAPI_VNC_2.ome.tiff,Far Red,RFP,GFP,DAPI,0.139,0.35
169090.ome.tiff,20160712_Shot_Venus_Dlg_DAPI_20X_1.ome.tiff,Far Red,RFP,GFP,DAPI,0.418,0.5
169391.ome.tiff,20160715_Amph_Venus_Dlg_Syp_DAPI_20X_2.ome.tiff,RFP,GFP,DAPI,0,0.418,0.5
169393.ome.tiff,20160715_Amph_Venus_Dlg_Syp_DAPI_MB_2.ome.tiff,Far Red,RFP,GFP,DAPI,0.139,0.35
169395.ome.tiff,20160715_Amph_Venus_Dlg_Syp_DAPI_NB_2.ome.tiff,Far Red,RFP,GFP,DAPI,0.139,0.35
169397.ome.tiff,20160715_Amph_Venus_Dlg_Syp_DAPI_OL_2.ome.tiff,Far Red,RFP,GFP,DAPI,0.139,0.5
169398.ome.tiff,20160715_Amph_Venus_Dlg_Syp_DAPI_VNC_1.ome.tiff,Far Red,RFP,GFP,DAPI,0.139,0.5
169400.ome.tiff,20160715_CaMKII_Venus_Dlg_Syp_DAPI_20X_1.ome.tiff,RFP,GFP,DAPI,0,0.418,0.5
170280.ome.tiff,20160721_Dlg1_Venus_Dlg_Syp_DAPI_20X_1.ome.tiff,RFP,GFP,DAPI,0,0.418,0.5
170294.ome.tiff,20160721_Dlg1_Venus_Dlg_Syp_DAPI_MB_2.ome.tiff,Far Red,RFP,GFP,DAPI,0.139,0.35
170301.ome.tiff,20160721_Dlg1_Venus_Dlg_Syp_DAPI_NB_2.ome.tiff,Far Red,RFP,GFP,DAPI,0.139,0.35
170307.ome.tiff,20160721_Dlg1_Venus_Dlg_Syp_DAPI_OL_2.ome.tiff,Far Red,RFP,GFP,DAPI,0.139,0.5
170310.ome.tiff,20160721_Dlg1_Venus_Dlg_Syp_DAPI_VNC_2.ome.tiff,Far Red,RFP,GFP,DAPI,0.139,0.5
170432.ome.tiff,20160726_NetA_Venus_Dlg_Syp_DAPI_20X_1.ome.tiff,RFP,GFP,DAPI,0,0.418,0.5
170436.ome.tiff,20160726_NetA_Venus_Dlg_Syp_DAPI_MB_2.ome.tiff,Far Red,RFP,GFP,DAPI,0.139,0.35
170437.ome.tiff,20160726_NetA_Venus_Dlg_Syp_DAPI_NB_1.ome.tiff,Far Red,RFP,GFP,DAPI,0.139,0.35
170439.ome.tiff,20160726_NetA_Venus_Dlg_Syp_DAPI_OL_1.ome.tiff,Far Red,RFP,GFP,DAPI,0.139,0.5
170441.ome.tiff,20160726_NetA_Venus_Dlg_Syp_DAPI_VNC_1.ome.tiff,Far Red,RFP,GFP,DAPI,0.139,0.5
170529.ome.tiff,20160726_Tm1_Venus_Dlg_Syp_DAPI_20X_2.ome.tiff,RFP,GFP,DAPI,0,0.418,0.5
170533.ome.tiff,20160726_Tm1_Venus_Dlg_Syp_DAPI_MB_2.ome.tiff,Far Red,RFP,GFP,DAPI,0.139,0.35
170534.ome.tiff,20160726_Tm1_Venus_Dlg_Syp_DAPI_NB_1.ome.tiff,Far Red,RFP,GFP,DAPI,0.139,0.35
170537.ome.tiff,20160726_Tm1_Venus_Dlg_Syp_DAPI_OL_2.ome.tiff,Far Red,RFP,GFP,DAPI,0.139,0.5
170539.ome.tiff,20160726_Tm1_Venus_Dlg_Syp_DAPI_VNC_2.ome.tiff,Far Red,RFP,GFP,DAPI,0.139,0.5
171347.ome.tiff,20160728_arm_Venus_Dlg_Syp_DAPI_20X_2.ome.tiff,RFP,GFP,DAPI,0,0.418,0.5
171350.ome.tiff,20160728_arm_Venus_Dlg_Syp_DAPI_MB_3.ome.tiff,Far Red,RFP,GFP,DAPI,0.139,0.35
171353.ome.tiff,20160728_arm_Venus_Dlg_Syp_DAPI_NB_3.ome.tiff,Far Red,RFP,GFP,DAPI,0.139,0.35
171356.ome.tiff,20160728_arm_Venus_Dlg_Syp_DAPI_OL_3.ome.tiff,Far Red,RFP,GFP,DAPI,0.139,0.5
171358.ome.tiff,20160728_arm_Venus_Dlg_Syp_DAPI_VNC_2.ome.tiff,Far Red,RFP,GFP,DAPI,0.139,0.5
171361.ome.tiff,20160728_Fas2_Venus_Dlg_Syp_DAPI_20X_2.ome.tiff,RFP,GFP,DAPI,0,0.418,0.5
171363.ome.tiff,20160728_Fas2_Venus_Dlg_Syp_DAPI_MB_2.ome.tiff,Far Red,RFP,GFP,DAPI,0.139,0.35
171364.ome.tiff,20160728_Fas2_Venus_Dlg_Syp_DAPI_NB_1.ome.tiff,Far Red,RFP,GFP,DAPI,0.139,0.35
171366.ome.tiff,20160728_Fas2_Venus_Dlg_Syp_DAPI_OL_1.ome.tiff,Far Red,RFP,GFP,DAPI,0.139,0.5
171369.ome.tiff,20160728_Fas2_Venus_Dlg_Syp_DAPI_VNC_2.ome.tiff,Far Red,RFP,GFP,DAPI,0.139,0.5
171371.ome.tiff,20160728_I(1)G0232_Venus_Dlg_Syp_DAPI_20X_2.ome.tiff,RFP,GFP,DAPI,0,0.418,0.5
171373.ome.tiff,20160728_I(1)G0232_Venus_Dlg_Syp_DAPI_MB_2.ome.tiff,Far Red,RFP,GFP,DAPI,0.139,0.35
171374.ome.tiff,20160728_I(1)G0232_Venus_Dlg_Syp_DAPI_NB_1.ome.tiff,Far Red,RFP,GFP,DAPI,0.139,0.35
171377.ome.tiff,20160728_I(1)G0232_Venus_Dlg_Syp_DAPI_OL_2.ome.tiff,Far Red,RFP,GFP,DAPI,0.139,0.5
171379.ome.tiff,20160728_I(1)G0232_Venus_Dlg_Syp_DAPI_VNC_2.ome.tiff,Far Red,RFP,GFP,DAPI,0.139,0.5
171639.ome.tiff,20160803_Trxr-1_Venus_Dlg_Syp_DAPI_NB_1.ome.tiff,Far Red,RFP,GFP,DAPI,0.139,0.35
171648.ome.tiff,20160803_Trxr-1_Venus_Dlg_Syp_DAPI_MB_2.ome.tiff,Far Red,RFP,GFP,DAPI,0.25,0.35
171671.ome.tiff,20160803_Trxr-1_Venus_Dlg_Syp_DAPI_VNC_2.ome.tiff,Far Red,RFP,GFP,DAPI,0.25,0.5
171672.ome.tiff,20160803_Trxr-1_Venus_Dlg_Syp_DAPI_OL_2.ome.tiff,Far Red,RFP,GFP,DAPI,0.25,0.5
171673.ome.tiff,20160803_Trxr-1_Venus_Dlg_Syp_DAPI_20x_1.ome.tiff,RFP,GFP,DAPI,0,0.418,0.5
172029.ome.tiff,20160805_Fas3_Gprk2_ia2_Nrx-IV_tkv.mvd2 [20160805_Gprk2_Venus_Dlg_Syp_DAPI_20x_1],RFP,GFP,DAPI,0,0.41839539265530395,0.5
172034.ome.tiff,20160805_Fas3_Gprk2_ia2_Nrx-IV_tkv.mvd2 [20160805_ia2_Venus_Dlg_Syp_DAPI_20x_2],RFP,GFP,DAPI,0,1.0,0.5
172037.ome.tiff,20160805_Fas3_Gprk2_ia2_Nrx-IV_tkv.mvd2 [20160805_tkv_Venus_Dlg_Syp_DAPI_20x_1],RFP,GFP,DAPI,0,0.41839539265530395,0.5
172047.ome.tiff,20160805_Fas3_Gprk2_ia2_Nrx-IV_tkv.mvd2 [20160805_Gprk2_Venus_Dlg_Syp_DAPI_MB_1],Far Red,RFP,GFP,DAPI,0.13888805165151769,0.35
172048.ome.tiff,20160805_Fas3_Gprk2_ia2_Nrx-IV_tkv.mvd2 [20160805_Gprk2_Venus_Dlg_Syp_DAPI_NB_1],Far Red,RFP,GFP,DAPI,0.13888805165151769,0.35
172049.ome.tiff,20160805_Fas3_Gprk2_ia2_Nrx-IV_tkv.mvd2 [20160805_Gprk2_Venus_Dlg_Syp_DAPI_OL_1],Far Red,RFP,GFP,DAPI,0.13888805165151769,0.5
172050.ome.tiff,20160805_Fas3_Gprk2_ia2_Nrx-IV_tkv.mvd2 [20160805_Gprk2_Venus_Dlg_Syp_DAPI_VNC_1],Far Red,RFP,GFP,DAPI,0.13888805165151769,0.5
172057.ome.tiff,20160805_Fas3_Gprk2_ia2_Nrx-IV_tkv.mvd2 [20160805_ia2_Venus_Dlg_Syp_DAPI_OL_1],Far Red,RFP,GFP,DAPI,0.13888805165151769,0.5
172058.ome.tiff,20160805_Fas3_Gprk2_ia2_Nrx-IV_tkv.mvd2 [20160805_ia2_Venus_Dlg_Syp_DAPI_VNC_1],Far Red,RFP,GFP,DAPI,0.13888805165151769,0.5
172059.ome.tiff,20160805_Fas3_Gprk2_ia2_Nrx-IV_tkv.mvd2 [20160805_ia2_Venus_Dlg_Syp_DAPI_MB_2],Far Red,RFP,GFP,DAPI,0.13888805165151769,0.35
172060.ome.tiff,20160805_Fas3_Gprk2_ia2_Nrx-IV_tkv.mvd2 [20160805_ia2_Venus_Dlg_Syp_DAPI_NB_2],Far Red,RFP,GFP,DAPI,0.13888805165151769,0.35
172067.ome.tiff,20160805_Fas3_Gprk2_ia2_Nrx-IV_tkv.mvd2 [20160805_Nrx-IV_Venus_Dlg_Syp_DAPI_MB_1],Far Red,RFP,GFP,DAPI,0.13888805165151769,0.35
172068.ome.tiff,20160805_Fas3_Gprk2_ia2_Nrx-IV_tkv.mvd2 [20160805_Nrx-IV_Venus_Dlg_Syp_DAPI_NB_1],Far Red,RFP,GFP,DAPI,0.13888805165151769,0.35
172069.ome.tiff,20160805_Fas3_Gprk2_ia2_Nrx-IV_tkv.mvd2 [20160805_Nrx-IV_Venus_Dlg_Syp_DAPI_OL_1],Far Red,RFP,GFP,DAPI,0.13888805165151769,0.5
172075.ome.tiff,20160805_Fas3_Gprk2_ia2_Nrx-IV_tkv.mvd2 [20160805_tkv_Venus_Dlg_Syp_DAPI_MB_1],Far Red,RFP,GFP,DAPI,0.13888805165151769,0.35
172076.ome.tiff,20160805_Fas3_Gprk2_ia2_Nrx-IV_tkv.mvd2 [20160805_tkv_Venus_Dlg_Syp_DAPI_NB_1],Far Red,RFP,GFP,DAPI,0.13888805165151769,0.35
172077.ome.tiff,20160805_Fas3_Gprk2_ia2_Nrx-IV_tkv.mvd2 [20160805_tkv_Venus_Dlg_Syp_DAPI_OL_1],Far Red,RFP,GFP,DAPI,0.13888805165151769,0.5
172078.ome.tiff,20160805_Fas3_Gprk2_ia2_Nrx-IV_tkv.mvd2 [20160805_tkv_Venus_Dlg_Syp_DAPI_VNC_1],Far Red,RFP,GFP,DAPI,0.13888805165151769,0.5
172479.ome.tiff,20160810_Nrg_Venus_Dlg_Syp_DAPI_NB_1.ome.tiff,Far Red,RFP,GFP,DAPI,0.139,0.35
172482.ome.tiff,20160810_Nrg_Venus_Dlg_Syp_DAPI_OL_1.ome.tiff,Far Red,RFP,GFP,DAPI,0.139,0.5
172483.ome.tiff,20160810_Pxn_Venus_Dlg_Syp_DAPI_MB_2.ome.tiff,Far Red,RFP,GFP,DAPI,0.139,0.35
172484.ome.tiff,20160810_Nrg_Venus_Dlg_Syp_DAPI_MB_1.ome.tiff,Far Red,RFP,GFP,DAPI,0.139,0.35
172485.ome.tiff,20160810_Pxn_Venus_Dlg_Syp_DAPI_VNC_1.ome.tiff,Far Red,RFP,GFP,DAPI,0.139,0.5
172487.ome.tiff,20160810_CG6724_Venus_Dlg_Syp_DAPI_OL_1.ome.tiff,Far Red,RFP,GFP,DAPI,0.139,0.5
172491.ome.tiff,20160810_Nrg_Venus_Dlg_Syp_DAPI_VNC_1.ome.tiff,Far Red,RFP,GFP,DAPI,0.139,0.5
172492.ome.tiff,20160810_Pxn_Venus_Dlg_Syp_DAPI_NB_1b.ome.tiff,Far Red,RFP,GFP,DAPI,0.139,0.35
172505.ome.tiff,20160810_CG6724_Venus_Dlg_Syp_DAPI_NB_1.ome.tiff,Far Red,RFP,GFP,DAPI,0.139,0.35
172525.ome.tiff,20160810_Dys_Venus_Dlg_Syp_DAPI_VNC_1.ome.tiff,Far Red,RFP,GFP,DAPI,0.139,0.5
172539.ome.tiff,20160810_CG6724_Venus_Dlg_Syp_DAPI_MB_1.ome.tiff,Far Red,RFP,GFP,DAPI,0.139,0.35
172577.ome.tiff,20160810_CG6724_Venus_Dlg_Syp_DAPI_VNC_1.ome.tiff,Far Red,RFP,GFP,DAPI,0.139,0.5
172584.ome.tiff,20160810_Dys_Venus_Dlg_Syp_DAPI_OL_1.ome.tiff,Far Red,RFP,GFP,DAPI,0.139,0.5
172587.ome.tiff,20160810_Dys_Venus_Dlg_Syp_DAPI_NB_1.ome.tiff,Far Red,RFP,GFP,DAPI,0.139,0.35
172589.ome.tiff,20160810_Pxn_Venus_Dlg_Syp_DAPI_OL_1.ome.tiff,Far Red,RFP,GFP,DAPI,0.139,0.5
172592.ome.tiff,20160810_Dys_Venus_Dlg_Syp_DAPI_MB_1.ome.tiff,Far Red,RFP,GFP,DAPI,0.139,0.35
172596.ome.tiff,20160810_CG6724_Venus_Dlg_Syp_DAPI_20x_1.czi,561.0,514.0000000000001,405.00000000000006,0,0.4612587911665528,1.0
172598.ome.tiff,20160810_Dys_Venus_Dlg_Syp_DAPI_20x.czi,561.0,514.0000000000001,405.00000000000006,0,0.4612587911665528,1.0
172600.ome.tiff,20160810_Nrg_Venus_Dlg_Syp_DAPI_20x_1.czi,561.0,514.0000000000001,405.00000000000006,0,0.4612587911665528,1.0
172602.ome.tiff,20160810_Pxn_Venus_Dlg_Syp_DAPI_20x_1.czi,561.0,514.0000000000001,405.00000000000006,0,0.4612587911665528,1.0
172844.ome.tiff,20160815_aop_Imp_stai_tau.mvd2 [20160815_aop_Venus_Dlg_Syp_DAPI_NB_2],Far Red,RFP,GFP,DAPI,0.13888805165151769,0.35
172845.ome.tiff,20160815_aop_Imp_stai_tau.mvd2 [20160815_aop_Venus_Dlg_Syp_DAPI_OL_2],Far Red,RFP,GFP,DAPI,0.13888805165151769,0.5
172846.ome.tiff,20160815_aop_Imp_stai_tau.mvd2 [20160815_aop_Venus_Dlg_Syp_DAPI_VNC_2],Far Red,RFP,GFP,DAPI,0.13888805165151769,0.5
172848.ome.tiff,20160815_aop_Imp_stai_tau.mvd2 [20160815_Imp_Venus_Dlg_Syp_DAPI_NB_1],Far Red,RFP,GFP,DAPI,0.13888805165151769,0.35
172855.ome.tiff,20160815_aop_Imp_stai_tau.mvd2 [20160815_stai_Venus_Dlg_Syp_DAPI_MB_1],Far Red,RFP,GFP,DAPI,0.13888805165151769,0.35
172856.ome.tiff,20160815_aop_Imp_stai_tau.mvd2 [20160815_stai_Venus_Dlg_Syp_DAPI_NB_1],Far Red,RFP,GFP,DAPI,0.13888805165151769,0.35
172857.ome.tiff,20160815_aop_Imp_stai_tau.mvd2 [20160815_stai_Venus_Dlg_Syp_DAPI_OL_1],Far Red,RFP,GFP,DAPI,0.13888805165151769,0.5
172858.ome.tiff,20160815_aop_Imp_stai_tau.mvd2 [20160815_stai_Venus_Dlg_Syp_DAPI_VNC_1],Far Red,RFP,GFP,DAPI,0.13888805165151769,0.5
172863.ome.tiff,20160815_aop_Imp_stai_tau.mvd2 [20160815_tau_Venus_Dlg_Syp_DAPI_MB_1],Far Red,RFP,GFP,DAPI,0.13888805165151769,0.35
172866.ome.tiff,20160815_aop_Imp_stai_tau.mvd2 [20160815_tau_Venus_Dlg_Syp_DAPI_VNC_1],Far Red,RFP,GFP,DAPI,0.13888805165151769,0.5
172868.ome.tiff,20160815_aop_Imp_stai_tau.mvd2 [20160815_tau_Venus_Dlg_Syp_DAPI_NB_2],Far Red,RFP,GFP,DAPI,0.13888805165151769,0.35
172869.ome.tiff,20160815_aop_Imp_stai_tau.mvd2 [20160815_tau_Venus_Dlg_Syp_DAPI_OL_2],Far Red,RFP,GFP,DAPI,0.13888805165151769,0.5
172872.ome.tiff,20160815_aop_Imp_stai_tau.mvd2 [20160815_tau_Venus_Dlg_Syp_DAPI_dorsal_calyx_1 2],Far Red,RFP,GFP,DAPI,0.13888805165151769,0.35
172924.ome.tiff,20160815_aop_Venus_Dlg_Syp_DAPI_20x_2.czi,561.0,514.0000000000001,405.00000000000006,0,0.4612587911665528,1.0
172925.ome.tiff,20160815_Imp_Venus_Dlg_Syp_DAPI_20x_1.czi,561.0,514.0000000000001,405.00000000000006,0,0.4612587911665528,1.0
172927.ome.tiff,20160815_stai_Venus_Dlg_Syp_DAPI_20x_1.czi,561.0,514.0000000000001,405.00000000000006,0,0.4612587911665528,1.0
172929.ome.tiff,20160815_tau_Venus_Dlg_Syp_DAPI_20x_1.czi,561.0,514.0000000000001,405.00000000000006,0,0.4612587911665528,1.0
173253.ome.tiff,20160817_pum_Src64B_Tm1_trol_Vap-33-1.mvd2 [20160817_pum_Venus_Dlg_Syp_DAPI_MB_1],Far Red,RFP,GFP,DAPI,0.13888805165151769,0.35
173255.ome.tiff,20160817_pum_Src64B_Tm1_trol_Vap-33-1.mvd2 [20160817_pum_Venus_Dlg_Syp_DAPI_OL_1],Far Red,RFP,GFP,DAPI,0.13888805165151769,0.5
173256.ome.tiff,20160817_pum_Src64B_Tm1_trol_Vap-33-1.mvd2 [20160817_pum_Venus_Dlg_Syp_DAPI_VNC_1],Far Red,RFP,GFP,DAPI,0.13888805165151769,0.5
173258.ome.tiff,20160817_pum_Src64B_Tm1_trol_Vap-33-1.mvd2 [20160817_pum_Venus_Dlg_Syp_DAPI_NB_2],Far Red,RFP,GFP,DAPI,0.13888805165151769,0.35
173261.ome.tiff,20160817_pum_Src64B_Tm1_trol_Vap-33-1.mvd2 [20160817_Src64B_Venus_Dlg_Syp_DAPI_MB_1],Far Red,RFP,GFP,DAPI,0.13888805165151769,0.35
173262.ome.tiff,20160817_pum_Src64B_Tm1_trol_Vap-33-1.mvd2 [20160817_Src64B_Venus_Dlg_Syp_DAPI_NB_1],Far Red,RFP,GFP,DAPI,0.13888805165151769,0.35
173263.ome.tiff,20160817_pum_Src64B_Tm1_trol_Vap-33-1.mvd2 [20160817_Src64B_Venus_Dlg_Syp_DAPI_OL_1],Far Red,RFP,GFP,DAPI,0.13888805165151769,0.5
173264.ome.tiff,20160817_pum_Src64B_Tm1_trol_Vap-33-1.mvd2 [20160817_Src64B_Venus_Dlg_Syp_DAPI_VNC_1],Far Red,RFP,GFP,DAPI,0.13888805165151769,0.5
173282.ome.tiff,20160817_pum_Src64B_Tm1_trol_Vap-33-1.mvd2 [20160817_trol_Venus_Dlg_Syp_DAPI_VNC_1],Far Red,RFP,GFP,DAPI,0.13888805165151769,0.5
173283.ome.tiff,20160817_pum_Src64B_Tm1_trol_Vap-33-1.mvd2 [20160817_trol_Venus_Dlg_Syp_DAPI_MB_2a],Far Red,RFP,GFP,DAPI,0.13888805165151769,0.35
173285.ome.tiff,20160817_pum_Src64B_Tm1_trol_Vap-33-1.mvd2 [20160817_trol_Venus_Dlg_Syp_DAPI_NB_2],Far Red,RFP,GFP,DAPI,0.13888805165151769,0.35
173288.ome.tiff,20160817_pum_Src64B_Tm1_trol_Vap-33-1.mvd2 [20160817_trol_Venus_Dlg_Syp_DAPI_OL_3],Far Red,RFP,GFP,DAPI,0.13888805165151769,0.5
173291.ome.tiff,20160817_pum_Src64B_Tm1_trol_Vap-33-1.mvd2 [20160817_trol_Venus_Dlg_Syp_DAPI_dorsal_calyx_2],Far Red,RFP,GFP,DAPI,0.13888805165151769,0.35
173301.ome.tiff,20160817_pum_Src64B_Tm1_trol_Vap-33-1.mvd2 [20160817_pum_Venus_Dlg_Syp_DAPI_dorsal_calyx_1],Far Red,RFP,GFP,DAPI,0.13888805165151769,0.5
173307.ome.tiff,20160817_trol_Venus_Dlg_Syp_DAPI_20x_1.czi,561.0,514.0000000000001,405.00000000000006,0,0.4612587911665528,1.0
173309.ome.tiff,20160817_pum_Venus_Dlg_Syp_DAPI_20x_1.czi,561.0,514.0000000000001,405.00000000000006,0,0.4612587911665528,1.0
173310.ome.tiff,20160817_Src64B_Venus_Dlg_Syp_DAPI_20x_2.czi,561.0,514.0000000000001,405.00000000000006,0,0.4612587911665528,1.0
173446.ome.tiff,20160823_OrR_CaMKII_Cip4_N_Rab1.mvd2 [20160823_Rab1_Venus_Dlg_Syp_DAPI_20x_1],RFP,GFP,DAPI,0,0.41839539265530395,0.5
173448.ome.tiff,20160823_OrR_CaMKII_Cip4_N_Rab1.mvd2 [20160823_N_Venus_Dlg_Syp_DAPI_20x_1],RFP,GFP,DAPI,0,0.41839539265530395,0.5
173450.ome.tiff,20160823_OrR_CaMKII_Cip4_N_Rab1.mvd2 [20160823_Cip4_Venus_Dlg_Syp_DAPI_20x_1],RFP,GFP,DAPI,0,0.41839539265530395,0.5
173454.ome.tiff,20160823_OrR_CaMKII_Cip4_N_Rab1.mvd2 [20160823_CaMKII_Venus_Dlg_Syp_DAPI_NB_1],Far Red,RFP,GFP,DAPI,0.13888805165151769,0.35
173457.ome.tiff,20160823_OrR_CaMKII_Cip4_N_Rab1.mvd2 [20160823_CaMKII_Venus_Dlg_Syp_DAPI_MB_2],Far Red,RFP,GFP,DAPI,0.13888805165151769,0.35
173459.ome.tiff,20160823_OrR_CaMKII_Cip4_N_Rab1.mvd2 [20160823_CaMKII_Venus_Dlg_Syp_DAPI_OL_2],Far Red,RFP,GFP,DAPI,0.13888805165151769,0.5
173460.ome.tiff,20160823_OrR_CaMKII_Cip4_N_Rab1.mvd2 [20160823_CaMKII_Venus_Dlg_Syp_DAPI_VNC_2],Far Red,RFP,GFP,DAPI,0.13888805165151769,0.5
173462.ome.tiff,20160823_OrR_CaMKII_Cip4_N_Rab1.mvd2 [20160823_OrR_Venus_Dlg_Syp_DAPI_NB_1],Far Red,RFP,GFP,DAPI,0.13888805165151769,0.35
173463.ome.tiff,20160823_OrR_CaMKII_Cip4_N_Rab1.mvd2 [20160823_OrR_Venus_Dlg_Syp_DAPI_OL_1],Far Red,RFP,GFP,DAPI,0.13888805165151769,0.5
173464.ome.tiff,20160823_OrR_CaMKII_Cip4_N_Rab1.mvd2 [20160823_OrR_Venus_Dlg_Syp_DAPI_VNC_1],Far Red,RFP,GFP,DAPI,0.13888805165151769,0.5
173465.ome.tiff,20160823_OrR_CaMKII_Cip4_N_Rab1.mvd2 [20160823_OrR_Venus_Dlg_Syp_DAPI_MB_2],Far Red,RFP,GFP,DAPI,0.13888805165151769,0.35
173470.ome.tiff,20160823_OrR_CaMKII_Cip4_N_Rab1.mvd2 [20160823_CaMKII_Venus_Dlg_Syp_DAPI_dorsal_calyx_1_right_lobe],Far Red,RFP,GFP,DAPI,0.13888805165151769,0.35
173471.ome.tiff,20160823_OrR_CaMKII_Cip4_N_Rab1.mvd2 [20160823_OrR_Venus_Dlg_Syp_DAPI_dorsal_calyx_1],Far Red,RFP,GFP,DAPI,0.13888805165151769,0.35
173473.ome.tiff,20160823_OrR_CaMKII_Cip4_N_Rab1.mvd2 [20160823_Cip4_Venus_Dlg_Syp_DAPI_MB_1],Far Red,RFP,GFP,DAPI,0.13888805165151769,0.35
173474.ome.tiff,20160823_OrR_CaMKII_Cip4_N_Rab1.mvd2 [20160823_Cip4_Venus_Dlg_Syp_DAPI_NB_1],Far Red,RFP,GFP,DAPI,0.13888805165151769,0.35
173475.ome.tiff,20160823_OrR_CaMKII_Cip4_N_Rab1.mvd2 [20160823_Cip4_Venus_Dlg_Syp_DAPI_OL_1],Far Red,RFP,GFP,DAPI,0.13888805165151769,0.5
173476.ome.tiff,20160823_OrR_CaMKII_Cip4_N_Rab1.mvd2 [20160823_Cip4_Venus_Dlg_Syp_DAPI_VNC_1],Far Red,RFP,GFP,DAPI,0.13888805165151769,0.5
173481.ome.tiff,20160823_OrR_CaMKII_Cip4_N_Rab1.mvd2 [20160823_Cip4_Venus_Dlg_Syp_DAPI_dorsal_calyx_1],Far Red,RFP,GFP,DAPI,0.13888805165151769,0.5
173483.ome.tiff,20160823_OrR_CaMKII_Cip4_N_Rab1.mvd2 [20160823_N_Venus_Dlg_Syp_DAPI_MB_1],Far Red,RFP,GFP,DAPI,0.13888805165151769,0.35
173484.ome.tiff,20160823_OrR_CaMKII_Cip4_N_Rab1.mvd2 [20160823_N_Venus_Dlg_Syp_DAPI_NB_1],Far Red,RFP,GFP,DAPI,0.13888805165151769,0.35
173485.ome.tiff,20160823_OrR_CaMKII_Cip4_N_Rab1.mvd2 [20160823_N_Venus_Dlg_Syp_DAPI_OL_1],Far Red,RFP,GFP,DAPI,0.13888805165151769,0.5
173486.ome.tiff,20160823_OrR_CaMKII_Cip4_N_Rab1.mvd2 [20160823_N_Venus_Dlg_Syp_DAPI_VNC_1],Far Red,RFP,GFP,DAPI,0.13888805165151769,0.5
173491.ome.tiff,20160823_OrR_CaMKII_Cip4_N_Rab1.mvd2 [20160823_N_Venus_Dlg_Syp_DAPI_dorsal_calyx_1],Far Red,RFP,GFP,DAPI,0.13888805165151769,0.35
173494.ome.tiff,20160823_OrR_CaMKII_Cip4_N_Rab1.mvd2 [20160823_Rab1_Venus_Dlg_Syp_DAPI_NB_1],Far Red,RFP,GFP,DAPI,0.13888805165151769,0.35
173495.ome.tiff,20160823_OrR_CaMKII_Cip4_N_Rab1.mvd2 [20160823_Rab1_Venus_Dlg_Syp_DAPI_OL_1],Far Red,RFP,GFP,DAPI,0.13888805165151769,0.5
173496.ome.tiff,20160823_OrR_CaMKII_Cip4_N_Rab1.mvd2 [20160823_Rab1_Venus_Dlg_Syp_DAPI_VNC_1],Far Red,RFP,GFP,DAPI,0.13888805165151769,0.5
173497.ome.tiff,20160823_OrR_CaMKII_Cip4_N_Rab1.mvd2 [20160823_Rab1_Venus_Dlg_Syp_DAPI_MB_2],Far Red,RFP,GFP,DAPI,0.13888805165151769,0.35
173501.ome.tiff,20160823_OrR_CaMKII_Cip4_N_Rab1.mvd2 [20160823_Rab1_Venus_Dlg_Syp_DAPI_dorsal_calyx_1],Far Red,RFP,GFP,DAPI,0.13888805165151769,0.35
191642.ome.tiff,2016Oct12_Alh_YFP_dlg_syp_20x_3.czi,405.00000000000006,561.0,488.00000000000006,0,1.037832280124744,6.0
193561.ome.tiff,2016Oct14_Bmm_YFP_dlg_1%PFA_1.czi,405.00000000000006,561.0,488.00000000000006,0,1.037832280124744,5.0
193877.ome.tiff,2016Oct17_B4_YFP_dlg_syp_20x_3.czi,405.00000000000006,561.0,488.00000000000006,0,1.037832280124744,5.0
193878.ome.tiff,2016Oct17_ced12_YFP_dlg_syp_20x.czi,405.00000000000006,561.0,488.00000000000006,0,1.037832280124744,5.0
193906.ome.tiff,2016Oct19_ATPsynbeta_syp_dlg_20x.czi,405.00000000000006,561.0,488.00000000000006,0,1.037832280124744,5.0
193910.ome.tiff,2016Oct19_CG11138_YFP_syp_dlg_dorsal_20x_1.czi,405.00000000000006,561.0,488.00000000000006,0,1.037832280124744,5.0
193926.ome.tiff,20Oct2016_Bmm_YFP_dlg_syp_VNC_60x.czi,405.00000000000006,561.0,561.0,488.00000000000006,0.3294705651189663,3.0
193927.ome.tiff,20Oct2016_Bmm_YFP_dlg_syp_OpticLobe_60x.czi,405.00000000000006,561.0,561.0,488.00000000000006,0.3294705651189663,3.0
193928.ome.tiff,20Oct2016_Bmm_YFP_dlg_syp_CLobe_60x.czi,405.00000000000006,561.0,561.0,488.00000000000006,0.3294705651189663,3.0
194114.ome.tiff,2016Oct21_CG9650_CPTI001740_YFP_dlg_cycE_OL_ventral_63x.czi,405.00000000000006,561.0,561.0,488.00000000000006,0.3294705651189663,3.0
194115.ome.tiff,2016Oct21_CG9650_CPTI001740_YFP_dlg_cycE_VNC_ventral_63x.czi,405.00000000000006,561.0,561.0,488.00000000000006,0.3294705651189663,3.0
194116.ome.tiff,2016Oct21_CG9650_CPTI001740_YFP_dlg_cycE_CB_ventral_63x.czi,405.00000000000006,561.0,561.0,488.00000000000006,0.3294705651189663,3.0
194117.ome.tiff,2016Oct21_CG9650_CPTI001740_YFP_dlg_cycE_OL_dorsal_63x.czi,405.00000000000006,561.0,561.0,488.00000000000006,0.3294705651189663,3.0
194118.ome.tiff,2016Oct21_CG9650_CPTI001740_YFP_dlg_cycE_20x.czi,405.00000000000006,561.0,488.00000000000006,0,1.037832280124744,5.0
194119.ome.tiff,2016Oct21_CG9650_CPTI001740_YFP_dlg_cycE_VNC_dorsal_63x.czi,405.00000000000006,561.0,561.0,488.00000000000006,0.3294705651189663,3.0
194120.ome.tiff,2016Oct21_CG9650_CPTI001740_YFP_dlg_cycE_CB_dorsal_63x.czi,405.00000000000006,561.0,561.0,488.00000000000006,0.3294705651189663,3.0
194131.ome.tiff,2016Oct24_CG11576.mvd2 [2016Oct24_CG11576_YFP_dlg_cycE_OL_dorsal_60x],FarRed,RFP,GFP,DAPI,0.13888805165151769,0.4
194135.ome.tiff,2016Oct24_CG11576.mvd2 [2016Oct24_CG11576_YFP_dlg_cycE_CB_dorsal_2_60x_lowerfarred(40%)],FarRed,RFP,GFP,DAPI,0.13888805165151769,0.4
194136.ome.tiff,2016Oct24_CG11576.mvd2 [2016Oct24_CG11576_YFP_dlg_cycE_CB_ventral_60x_lowerfarred(40%) 2],FarRed,RFP,GFP,DAPI,0.13888805165151769,0.4
194137.ome.tiff,2016Oct24_CG11576.mvd2 [2016Oct24_CG11576_YFP_dlg_cycE_OL_ventral_60x_lowerfarred(40%)],FarRed,RFP,GFP,DAPI,0.13888805165151769,0.4
194488.ome.tiff,2016Oct26_cno.mvd2 [2016Oct26_cno_YFP_dlg_cycE_CB_dorsal_60x],FarRed,RFP,GFP,DAPI,0.13888805165151769,0.4
194489.ome.tiff,2016Oct26_cno.mvd2 [2016Oct26_cno_YFP_dlg_cycE_OL_dorsal_60x],FarRed,RFP,GFP,DAPI,0.13888805165151769,0.4
194491.ome.tiff,2016Oct26_cno.mvd2 [2016Oct26_cno_YFP_dlg_cycE_VNC_dorsal_60x],FarRed,RFP,GFP,DAPI,0.13888805165151769,0.4
194492.ome.tiff,2016Oct26_cno.mvd2 [2016Oct26_cno_YFP_dlg_cycE_CB_ventral_60x],FarRed,RFP,GFP,DAPI,0.13888805165151769,0.4
194493.ome.tiff,2016Oct26_cno.mvd2 [2016Oct26_cno_YFP_dlg_cycE_OL_ventral_60x],FarRed,RFP,GFP,DAPI,0.13888805165151769,0.4
194494.ome.tiff,2016Oct26_cno.mvd2 [2016Oct26_cno_YFP_dlg_cycE_VNC_ventral_60x],FarRed,RFP,GFP,DAPI,0.13888805165151769,0.4
194495.ome.tiff,2016Oct26_cno.mvd2 [2016Oct26_OrR_dlg_cycE_CB_ventrall_60x],FarRed,RFP,GFP,DAPI,0.13888805165151769,0.4
194496.ome.tiff,2016Oct26_cno.mvd2 [2016Oct26_OrR_dlg_cycE_OL_ventrall_60x],FarRed,RFP,GFP,DAPI,0.13888805165151769,0.4
194497.ome.tiff,2016Oct26_dek.mvd2 [2016Oct26_dek_YFP_dlg_cycE_CB_ventral_60x],FarRed,RFP,GFP,DAPI,0.13888805165151769,0.4
194498.ome.tiff,2016Oct26_dek.mvd2 [2016Oct26_dek_YFP_dlg_cycE_OL_ventral_60x],FarRed,RFP,GFP,DAPI,0.13888805165151769,0.4
194499.ome.tiff,2016Oct26_dek.mvd2 [2016Oct26_dek_YFP_dlg_cycE_VNC_ventral_60x],FarRed,RFP,GFP,DAPI,0.13888805165151769,0.4
194500.ome.tiff,2016Oct26_dek.mvd2 [2016Oct26_OrR_YFP_dlg_cycE_CB_dorsal_60x],FarRed,RFP,GFP,DAPI,0.13888805165151769,0.4
194501.ome.tiff,2016Oct26_dek.mvd2 [2016Oct26_dek_YFP_dlg_cycE_CB_ventrall_60x_2],FarRed,RFP,GFP,DAPI,0.13888805165151769,0.4
194537.ome.tiff,2016Oct26_cno_dlg_cycE_1%PFA_20x.czi,405.00000000000006,561.0,488.00000000000006,0,1.037832280124744,3.0
194711.ome.tiff,2016Oct26_dek_YFP_dlg_cycE_20x_1.czi,405.00000000000006,561.0,488.00000000000006,0,1.037832280124744,3.0
194720.ome.tiff,2016Oct28_CG11920_YFP_dlg_syp.mvd2 [2016Oct28_CG11920_YFP_syp_dlg_dorsal_CB_x60],FarRed,RFP,GFP,DAPI,0.13888805165151769,0.4
194721.ome.tiff,2016Oct28_CG11920_YFP_dlg_syp.mvd2 [2016Oct28_CG11920_YFP_syp_dlg_dorsal_OL_x60],FarRed,RFP,GFP,DAPI,0.13888805165151769,0.4
194722.ome.tiff,2016Oct28_CG11920_YFP_dlg_syp.mvd2 [2016Oct28_CG11920_YFP_syp_dlg_dorsal_VNC_x60],FarRed,RFP,GFP,DAPI,0.13888805165151769,0.4
194723.ome.tiff,2016Oct28_CG11920_YFP_dlg_syp.mvd2 [2016Oct28_CG11920_YFP_syp_dlg_ventral_CB_x60],FarRed,RFP,GFP,DAPI,0.13888805165151769,0.4
194724.ome.tiff,2016Oct28_CG11920_YFP_dlg_syp.mvd2 [2016Oct28_CG11920_YFP_syp_dlg_ventral_OL_x60],FarRed,RFP,GFP,DAPI,0.13888805165151769,0.4
194726.ome.tiff,2016Oct28_CG11920_YFP_dlg_syp.mvd2 [2016Oct28_CG11920_YFP_syp_dlg_ventral_VNC_x60],FarRed,RFP,GFP,DAPI,0.13888805165151769,0.4
194728.ome.tiff,2016Oct28_CG11920_YFP_dlg_syp.mvd2 [2016Oct28_CG11920_YFP_syp_dlg_ventral_anlagen?_x60_2],FarRed,RFP,GFP,DAPI,0.13888805165151769,0.4
194732.ome.tiff,2016Oct28_ed_YFP_syp_dlg.mvd2 [2016Oct28_ed_YFP_syp_dlg_CB_60x_dorsal],FarRed,RFP,GFP,DAPI,0.13888805165151769,0.4
194733.ome.tiff,2016Oct28_ed_YFP_syp_dlg.mvd2 [2016Oct28_ed_YFP_syp_dlg_OL_60x_dorsal],FarRed,RFP,GFP,DAPI,0.13888805165151769,0.4
194734.ome.tiff,2016Oct28_ed_YFP_syp_dlg.mvd2 [2016Oct28_ed_YFP_syp_dlg_VNC_60x_dorsal],FarRed,RFP,GFP,DAPI,0.13888805165151769,0.4
194735.ome.tiff,2016Oct28_ed_YFP_syp_dlg.mvd2 [2016Oct28_ed_YFP_syp_dlg_anlagen?_60x_dorsal],FarRed,RFP,GFP,DAPI,0.13888805165151769,0.4
194737.ome.tiff,2016Oct28_ed_YFP_syp_dlg.mvd2 [2016Oct28_ed_YFP_syp_dlg_OL_ventral_60x],FarRed,RFP,GFP,DAPI,0.13888805165151769,0.4
194739.ome.tiff,2016Oct28_ed_YFP_syp_dlg.mvd2 [2016Oct28_ed_YFP_syp_dlg_VNC_ventral_60x_2],FarRed,RFP,GFP,DAPI,0.13888805165151769,0.4
194742.ome.tiff,2016Oct28_ed_YFP_syp_dlg.mvd2 [2016Oct28_ed_YFP_syp_dlg_CB_ventral_60x_3],FarRed,RFP,GFP,DAPI,0.13888805165151769,0.4
194743.ome.tiff,2016Nov01_CG11576__YFP_dlg_syp_x20.czi,405.00000000000006,561.0,488.00000000000006,0,1.037832280124744,5.0
194744.ome.tiff,2016Nov01_CG11920_002443_YFP_dlg_syp_2ul_20x.czi,405.00000000000006,561.0,488.00000000000006,0,1.037832280124744,5.0
194745.ome.tiff,2016Nov01_ed_000616_YFP_dlg_syp_2ul_20x_2.czi,405.00000000000006,561.0,488.00000000000006,0,1.037832280124744,5.0
194999.ome.tiff,2016Nov04_CtsB1_002807_YFP_cycE0.4_dlg_1%PFA_CB_dorsal_63x_orientationodd.czi,405.00000000000006,561.0,561.0,488.00000000000006,0.3294705651189663,3.0
195000.ome.tiff,2016Nov04_CtsB1_002807_YFP_cycE0.4_dlg_1%PFA_CB_ventral_63x.czi,405.00000000000006,561.0,561.0,488.00000000000006,0.3294705651189663,3.0
195001.ome.tiff,2016Nov04_CtsB1_002807_YFP_cycE0.4_dlg_1%PFA_OL_dorsal_63x.czi,405.00000000000006,561.0,561.0,488.00000000000006,0.3294705651189663,3.0
195002.ome.tiff,2016Nov04_CtsB1_002807_YFP_cycE0.4_dlg_1%PFA_OL_ventral_63x.czi,405.00000000000006,561.0,561.0,488.00000000000006,0.3294705651189663,3.0
195003.ome.tiff,2016Nov04_CtsB1_002807_YFP_cycE0.4_dlg_1%PFA_VNC_dorsal_63x.czi,405.00000000000006,561.0,561.0,488.00000000000006,0.3294705651189663,3.0
195014.ome.tiff,2016Nov04_B4_100035_repeat.mvd2 [2016Nov04_B4_100035_repeat_CB_calyx_dorsal_60x],FarRed,RFP,GFP,DAPI,0.13888805165151769,0.4
195015.ome.tiff,2016Nov04_B4_100035_repeat.mvd2 [2016Nov04_B4_100035_repeat_OL_unusualstructure_dorsal_60x],FarRed,RFP,GFP,DAPI,0.13888805165151769,0.4
195018.ome.tiff,2016Nov04_B4_100035_repeat.mvd2 [2016Nov04_B4_100035_repeat_CB_lobes_ventral_60x],FarRed,RFP,GFP,DAPI,0.13888805165151769,0.4
195019.ome.tiff,2016Nov04_B4_100035_repeat.mvd2 [2016Nov04_B4_100035_repeat_OL_unusualstructure_ventral_60x],FarRed,RFP,GFP,DAPI,0.13888805165151769,0.4
195020.ome.tiff,2016Nov04_B4_100035_repeat.mvd2 [2016Nov04_B4_100035_repeat_VNC/CB_ventral_60x],FarRed,RFP,GFP,DAPI,0.13888805165151769,0.4
195061.ome.tiff,2016Nov01_CtsB1_002807_YFP_dlg_syp_2ul_x20_2.czi,405.00000000000006,561.0,488.00000000000006,0,1.037832280124744,5.0
195515.ome.tiff,2016Nov08_For_000091_dlg_YFP_cycE_20x.czi,405.00000000000006,561.0,488.00000000000006,0,1.037832280124744,5.0
195516.ome.tiff,2016Nov08_For_000091_dlg_YFP_cycE_63x_OL_dorsal_farred75.czi,405.00000000000006,561.0,561.0,488.00000000000006,0.3294705651189663,3.0
195517.ome.tiff,2016Nov08_For_000091_dlg_YFP_cycE_63x_OL_ventral_farred75.czi,405.00000000000006,561.0,561.0,488.00000000000006,0.3294705651189663,3.0
195519.ome.tiff,2016Nov08_For_000091_dlg_YFP_cycE_63x_VNC_dorsal_farred75.czi,405.00000000000006,561.0,561.0,488.00000000000006,0.3294705651189663,3.0
195520.ome.tiff,2016Nov08_For_000091_dlg_YFP_cycE_63x_VNC_ventral_farred75.czi,405.00000000000006,561.0,561.0,488.00000000000006,0.3294705651189663,3.0
195521.ome.tiff,2016Nov08_For_000091_dlg_YFP_cycE_63x_CB_ventrall_farred75.czi,405.00000000000006,561.0,561.0,488.00000000000006,0.3294705651189663,3.0
195522.ome.tiff,2016Nov08_OrR_dlg_YFP_cycE_63x_VNC_dorsal_farred75.czi,405.00000000000006,561.0,561.0,488.00000000000006,0.3294705651189663,3.0
195523.ome.tiff,2016Nov08_For_000091_dlg_YFP_cycE_63x_CB_dorsal_farred65.czi,405.00000000000006,561.0,561.0,488.00000000000006,0.3294705651189663,3.0
195524.ome.tiff,2016Nov08_OrR_dlg_YFP_cycE_63x_OL_dorsal_farred75.czi,405.00000000000006,561.0,561.0,488.00000000000006,0.3294705651189663,3.0
195526.ome.tiff,2016Nov08_Alh_003598_repeat_cycE_dlg_YFP_CB_ventral_63xl.czi,405.00000000000006,561.0,561.0,488.00000000000006,0.3294705651189663,3.0
195527.ome.tiff,2016Nov08_Alh_003598_repeat_cycE_dlg_YFP_VNC_ventral_63x.czi,405.00000000000006,561.0,561.0,488.00000000000006,0.3294705651189663,3.0
195601.ome.tiff,2016Nov09_Alh_003598_repeat_cycE_dlg_YFP_OL_dorsal_63x_4.45AU_2.7um_75farred_50YFP.czi,405.00000000000006,561.0,561.0,488.00000000000006,0.3294705651189663,3.0
195604.ome.tiff,2016Nov09_Alh_003598_repeat_cycE_dlg_YFP_VNC_dorsal_63x_4.45AU_2.7um_75farred_50YFP.czi,405.00000000000006,561.0,561.0,488.00000000000006,0.3294705651189663,3.0
195606.ome.tiff,2016Nov09_Alh_003598_repeat_cycE_dlg_YFP_CB_dorsal_63x_4.45AU_2.7um_75farred_50YFP.czi,405.00000000000006,561.0,561.0,488.00000000000006,0.3294705651189663,3.0
195911.ome.tiff,2016Nov11_AdenoK_repeat_004071_YFP_dlg_cycE_VNC_dorsal_63x_488nm65%_633nm75%.czi,405.00000000000006,561.0,561.0,488.00000000000006,0.3294705651189663,3.0
195912.ome.tiff,2016Nov11_AdenoK_repeat_004071_YFP_dlg_cycE_OL_dorsal_63x_488nm65%_633nm75%.czi,405.00000000000006,561.0,561.0,488.00000000000006,0.3294705651189663,3.0
195915.ome.tiff,2016Nov11_AdenoK_repeat_004071_YFP_dlg_cycE_VNC_ventral_63x_488nm65%_633nm75%.czi,405.00000000000006,561.0,561.0,488.00000000000006,0.3294705651189663,3.0
195916.ome.tiff,2016Nov11_AdenoK_repeat_004071_YFP_dlg_cycE_CB_ventral_63x_488nm65%_633nm75%.czi,405.00000000000006,561.0,561.0,488.00000000000006,0.3294705651189663,3.0
195917.ome.tiff,2016Nov11_AdenoK_repeat_004071_YFP_dlg_cycE_CB_dorsal_63x_488nm65%_633nm75%.czi,405.00000000000006,561.0,561.0,488.00000000000006,0.3294705651189663,3.0
195920.ome.tiff,2016Nov11_AdenoK_repeat_004071_YFP_dlg_cycE_20x_488nm65%.czi,405.00000000000006,561.0,488.00000000000006,0,1.037832280124744,5.0
195921.ome.tiff,2016Nov11_AdenoK_repeat_004071_YFP_dlg_cycE_OL_ventral_63x_488nm65%_633nm75%.czi,405.00000000000006,561.0,561.0,488.00000000000006,0.3294705651189663,3.0
195923.ome.tiff,2016Nov11_gdh_001709_YFP_dlg_cycE_OL_anlagen_dorsal_63x_488nm30%_farred75%.czi,405.00000000000006,561.0,561.0,488.00000000000006,0.3294705651189663,3.0
195924.ome.tiff,2016Nov11_gdh_001709_YFP_dlg_cycE_OL_anlagen_ventral_63x_488nm30%_farred75%.czi,405.00000000000006,561.0,561.0,488.00000000000006,0.3294705651189663,3.0
195925.ome.tiff,2016Nov11_gdh_001709_YFP_dlg_cycE_20x_488nm30%.czi,405.00000000000006,561.0,488.00000000000006,0,1.037832280124744,5.0
195926.ome.tiff,2016Nov11_gdh_001709_YFP_dlg_cycE_VNC_dorsal_63x_488nm30%_farred75%.czi,405.00000000000006,561.0,561.0,488.00000000000006,0.3294705651189663,3.0
195927.ome.tiff,2016Nov11_OrR_YFP_dlg_cycE_VNC_dorsal_63x_488nm30%_farred75%.czi,405.00000000000006,561.0,561.0,488.00000000000006,0.3294705651189663,5.0
195928.ome.tiff,2016Nov11_OrR_YFP_dlg_cycE_CB_dorsal_63x_488nm30%_farred75%.czi,405.00000000000006,561.0,561.0,488.00000000000006,0.3294705651189663,5.0
195930.ome.tiff,2016Nov11_gdh_001709_YFP_dlg_cycE_CB_dorsal_63x_488nm30%_farred75%.czi,405.00000000000006,561.0,561.0,488.00000000000006,0.3294705651189663,3.0
195931.ome.tiff,2016Nov11_gdh_001709_YFP_dlg_cycE_CB_ventral_63x_488nm30%_farred75%.czi,405.00000000000006,561.0,561.0,488.00000000000006,0.3294705651189663,3.0
195932.ome.tiff,2016Nov11_gdh_001709_YFP_dlg_cycE_VNC_ventral_63x_488nm30%_farred75%.czi,405.00000000000006,561.0,561.0,488.00000000000006,0.3294705651189663,3.0
195967.ome.tiff,13Nov2016_kst_YFP_dlg_cycE_63x_CBrain_254.8_3pinhole_ventral.czi,405.00000000000006,561.0,561.0,488.00000000000006,0.5,3.0
195969.ome.tiff,13Nov2016_kst_YFP_dlg_cycE_20x_254.8_3pinhole_ventral.czi,405.00000000000006,561.0,561.0,488.00000000000006,0.5,3.0
195970.ome.tiff,13Nov2016_kst_YFP_dlg_cycE_63x_VNC_254.8_3pinhole_ventral.czi,405.00000000000006,561.0,561.0,488.00000000000006,0.5,3.0
196019.ome.tiff,14Nov2016_kst_YFP_dlg_cycE_63x_OpticLobe_2_2.6ZInterval_DAPI3red30YFP35Far75_252.9pinhole_ventral.czi,405.00000000000006,561.0,561.0,488.00000000000006,0.3294705651189663,2.6
196021.ome.tiff,14Nov2016_kst_YFP_dlg_cycE_63x_CBrain_2_2.6ZInterval_DAPI3red30YFP35Far75_252.9pinhole_ventral.czi,405.00000000000006,561.0,561.0,488.00000000000006,0.3294705651189663,2.6
196565.ome.tiff,2016Nov21_hth_003745_dlg_YFP_cycE_20x.czi,405.00000000000006,561.0,488.00000000000006,0,1.037832280124744,5.0
196570.ome.tiff,2016Nov21_hth_003745.mvd2 [2016Nov21_hth_003745_YFP_dlg_cycE_CB_calyx_dorsal_60x],FarRed,RFP,GFP,DAPI,0.13888805165151769,0.4
196573.ome.tiff,2016Nov21_hth_003745.mvd2 [2016Nov21_hth_003745_YFP_dlg_cycE_OL_cells_dorsal_60x],FarRed,RFP,GFP,DAPI,0.13888805165151769,0.4
196574.ome.tiff,2016Nov21_hth_003745.mvd2 [2016Nov21_hth_003745_YFP_dlg_cycE_VNC_dorsal_60x],FarRed,RFP,GFP,DAPI,0.13888805165151769,0.4
196575.ome.tiff,2016Nov21_hth_003745.mvd2 [2016Nov21_hth_003745_YFP_dlg_cycE_CB_cells_lobe_ventral_60x],FarRed,RFP,GFP,DAPI,0.13888805165151769,0.4
196576.ome.tiff,2016Nov21_hth_003745.mvd2 [2016Nov21_hth_003745_YFP_dlg_cycE_OL_ventral_60x],FarRed,RFP,GFP,DAPI,0.13888805165151769,0.4
196577.ome.tiff,2016Nov21_hth_003745.mvd2 [2016Nov21_hth_003745_YFP_dlg_cycE_VNC_ventral_60x],FarRed,RFP,GFP,DAPI,0.13888805165151769,0.4
196707.ome.tiff,2016Nov21_neu3_001259.mvd2 [2016Nov21_neu3_001259_YFP_dlg_cycE_CB_calyx_dorsal_60x],FarRed,RFP,GFP,DAPI,0.13888805165151769,0.4
196709.ome.tiff,2016Nov21_neu3_001259.mvd2 [2016Nov21_neu3_001259_YFP_dlg_cycE_OL_correct_dorsal_60x],FarRed,RFP,GFP,DAPI,0.13888805165151769,0.4
196712.ome.tiff,2016Nov21_neu3_001259.mvd2 [2016Nov21_neu3_001259_YFP_dlg_cycE_VNC_side_dorsal_60x],FarRed,RFP,GFP,DAPI,0.13888805165151769,0.4
196714.ome.tiff,2016Nov21_neu3_001259.mvd2 [2016Nov21_neu3_001259_YFP_dlg_cycE_VNC_ventral_60x],FarRed,RFP,GFP,DAPI,0.13888805165151769,0.4
196715.ome.tiff,2016Nov21_neu3_001259.mvd2 [2016Nov21_neu3_001259_YFP_dlg_cycE_OL_ventral_60x],FarRed,RFP,GFP,DAPI,0.13888805165151769,0.4
198529.ome.tiff,2016Nov16_Heph_002406_YFP_dlg_cycE_OL_ventral_63x_red45%.czi,405.00000000000006,561.0,561.0,488.00000000000006,0.3294705651189663,3.0
198530.ome.tiff,2016Nov16_Heph_002406_YFP_dlg_cycE_VNC_dorsal_63x_red45%.czi,405.00000000000006,561.0,561.0,488.00000000000006,0.3294705651189663,3.0
198531.ome.tiff,2016Nov16_Heph_002406_YFP_dlg_cycE_CB_dorsal_63x_red45%.czi,405.00000000000006,561.0,561.0,488.00000000000006,0.3294705651189663,3.0
198532.ome.tiff,2016Nov16_Heph_002406_YFP_dlg_cycE_CB_ventral_63x_red45%.czi,405.00000000000006,561.0,561.0,488.00000000000006,0.3294705651189663,3.0
198533.ome.tiff,2016Nov16_Heph_002406_YFP_dlg_cycE_VNC_ventral_63x_red45%.czi,405.00000000000006,561.0,561.0,488.00000000000006,0.3294705651189663,3.0
198535.ome.tiff,2016Nov16_Heph_002406_YFP_dlg_cycE_20x_red45%.czi,405.00000000000006,561.0,488.00000000000006,0,1.037832280124744,5.0
198536.ome.tiff,2016Nov16_Heph_002406_YFP_dlg_cycE_OL_dorsal_63x_red45%.czi,405.00000000000006,561.0,561.0,488.00000000000006,0.3294705651189663,3.0
198537.ome.tiff,2016Nov16_Hrb98DE_003669_dlg_YFP_cycE_CB_ventral_488nm65%63x.czi,405.00000000000006,561.0,561.0,488.00000000000006,0.3294705651189663,3.0
198538.ome.tiff,2016Nov16_Hrb98DE_003669_dlg_YFP_cycE_VNC_ventral_488nm65%63x.czi,405.00000000000006,561.0,561.0,488.00000000000006,0.3294705651189663,3.0
198539.ome.tiff,2016Nov16_OrR_dlg_YFP_cycE_VNC_dorsal_488nm65%63x.czi,405.00000000000006,561.0,561.0,488.00000000000006,0.3294705651189663,5.0
198540.ome.tiff,2016Nov16_OrR_dlg_YFP_cycE_CB_dorsal_488nm65%63x.czi,405.00000000000006,561.0,561.0,488.00000000000006,0.3294705651189663,4.0
198542.ome.tiff,2016Nov16_Hrb98DE_003669_dlg_YFP_cycE_CB_dorsal_488nm65%63x.czi,405.00000000000006,561.0,561.0,488.00000000000006,0.3294705651189663,3.0
198544.ome.tiff,2016Nov16_Hrb98DE_003669_dlg_YFP_cycE_20x.czi,405.00000000000006,561.0,488.00000000000006,0,1.037832280124744,5.0
198545.ome.tiff,2016Nov16_Hrb98DE_003669_dlg_YFP_cycE_VNC_dorsal_488nm65%63x.czi,405.00000000000006,561.0,561.0,488.00000000000006,0.3294705651189663,3.0
204380.ome.tiff,2016Dec02_Flw_002264_repeat_YFP_dlg_syp_20x.czi,405.00000000000006,561.0,488.00000000000006,0,1.037832280124744,5.0
204383.ome.tiff,2016Dec02_Lola_000190_YFP_dlg_syp_20x.czi,405.00000000000006,561.0,488.00000000000006,0,1.037832280124744,5.0
204384.ome.tiff,2016Dec02_sytB_003250_YFP_dlg_syp_20x.czi,405.00000000000006,561.0,488.00000000000006,0,1.037832280124744,5.0
204482.ome.tiff,2016Nov30_mnt_001879_YFP_dlg_syp_20x.czi,405.00000000000006,561.0,488.00000000000006,0,1.037832280124744,5.0
204490.ome.tiff,2016Dec05_Flw_002264_repeat.mvd2 [2016Dec05_Flw_002264_YFP_dlg_syp_CB_ventral_60x],FarRed,RFP,GFP,DAPI,0.13888805165151769,0.4
204491.ome.tiff,2016Dec05_Flw_002264_repeat.mvd2 [2016Dec05_Flw_002264_YFP_dlg_syp_OL_ventral_60x],FarRed,RFP,GFP,DAPI,0.13888805165151769,0.4
204492.ome.tiff,2016Dec05_Flw_002264_repeat.mvd2 [2016Dec05_Flw_002264_YFP_dlg_syp_VNC_ventral_60x],FarRed,RFP,GFP,DAPI,0.13888805165151769,0.4
204493.ome.tiff,2016Dec05_Flw_002264_repeat.mvd2 [2016Dec05_Flw_002264_YFP_dlg_syp_OL_dorsal_60x],FarRed,RFP,GFP,DAPI,0.13888805165151769,0.4
204494.ome.tiff,2016Dec05_Flw_002264_repeat.mvd2 [2016Dec05_Flw_002264_YFP_dlg_syp_CB_dorsal_60x],FarRed,RFP,GFP,DAPI,0.13888805165151769,0.4
204497.ome.tiff,2016Dec05_lola_000190.mvd2 [2016Dec05_lola_000190_YFP_dlg_syp_CB_dorsal_60x_highbackground],FarRed,RFP,GFP,DAPI,0.13888805165151769,0.4
204498.ome.tiff,2016Dec05_lola_000190.mvd2 [2016Dec05_lola_000190_YFP_dlg_syp_OL_dorsal_60x],FarRed,RFP,GFP,DAPI,0.13888805165151769,0.4
204499.ome.tiff,2016Dec05_lola_000190.mvd2 [2016Dec05_lola_000190_YFP_dlg_syp_VNC_dorsal_60x],FarRed,RFP,GFP,DAPI,0.13888805165151769,0.4
204500.ome.tiff,2016Dec05_lola_000190.mvd2 [2016Dec05_lola_000190_YFP_dlg_syp_CB_ventral_60x],FarRed,RFP,GFP,DAPI,0.13888805165151769,0.4
204501.ome.tiff,2016Dec05_lola_000190.mvd2 [2016Dec05_lola_000190_YFP_dlg_syp_OL_ventral_60x],FarRed,RFP,GFP,DAPI,0.13888805165151769,0.4
204502.ome.tiff,2016Dec05_lola_000190.mvd2 [2016Dec05_lola_000190_YFP_dlg_syp_VNC_ventral_60x],FarRed,RFP,GFP,DAPI,0.13888805165151769,0.4
204503.ome.tiff,2016Dec05_lola_000190.mvd2 [2016Dec05_OrR_YFP_dlg_syp_CB_ventral_60x],FarRed,RFP,GFP,DAPI,0.13888805165151769,0.4
204504.ome.tiff,2016Dec05_lola_000190.mvd2 [2016Dec05_OrR_YFP_dlg_syp_VNC_ventral_60x],FarRed,RFP,GFP,DAPI,0.13888805165151769,0.4
204505.ome.tiff,2016Dec05_SytB_003250.mvd2 [2016Dec05_SytB_003250_YFP_dlg_syp_CB_dorsal_60x],FarRed,RFP,GFP,DAPI,0.13888805165151769,0.4
204506.ome.tiff,2016Dec05_SytB_003250.mvd2 [2016Dec05_SytB_003250_YFP_dlg_syp_CB_2_dorsal_60x],FarRed,RFP,GFP,DAPI,0.13888805165151769,0.4
204507.ome.tiff,2016Dec05_SytB_003250.mvd2 [2016Dec05_SytB_003250_YFP_dlg_syp_OL_dorsal_60x],FarRed,RFP,GFP,DAPI,0.13888805165151769,0.4
204508.ome.tiff,2016Dec05_SytB_003250.mvd2 [2016Dec05_SytB_003250_YFP_dlg_syp_VNC_central_dorsal_60x],FarRed,RFP,GFP,DAPI,0.13888805165151769,0.4
204514.ome.tiff,2016Dec01_gish_004113.mvd2 [2016Dec01_OrR_YFP_dlg_syp_CB_ventrall_60x],FarRed,RFP,GFP,DAPI,0.13888805165151769,0.4
204515.ome.tiff,2016Dec01_gish_004113.mvd2 [2016Dec01_OrR_YFP_dlg_syp_OL_ventral_60x],FarRed,RFP,GFP,DAPI,0.13888805165151769,0.4
204520.ome.tiff,2016Dec01_mnt_001879.mvd2 [2016Dec01_mnt_001879_YFP_dlg_syp_CB_dorsall_60x],FarRed,RFP,GFP,DAPI,0.13888805165151769,0.4
204521.ome.tiff,2016Dec01_mnt_001879.mvd2 [2016Dec01_mnt_001879_YFP_dlg_syp_OL_dorsal_60x],FarRed,RFP,GFP,DAPI,0.13888805165151769,0.4
204522.ome.tiff,2016Dec01_mnt_001879.mvd2 [2016Dec01_mnt_001879_YFP_dlg_syp_anlagen_dorsal_60x],FarRed,RFP,GFP,DAPI,0.13888805165151769,0.4
204524.ome.tiff,2016Dec01_mnt_001879.mvd2 [2016Dec01_mnt_001879_YFP_dlg_syp_VNC_midline_dorsal_60x],FarRed,RFP,GFP,DAPI,0.13888805165151769,0.4
204525.ome.tiff,2016Dec01_mnt_001879.mvd2 [2016Dec01_mnt_001879_YFP_dlg_syp_CB_ventral_60x],FarRed,RFP,GFP,DAPI,0.13888805165151769,0.4
204528.ome.tiff,2016Dec01_mnt_001879.mvd2 [2016Dec01_mnt_001879_YFP_dlg_syp_VNC_midline_ventral_60x],FarRed,RFP,GFP,DAPI,0.13888805165151769,0.4
204529.ome.tiff,2016Dec01_mnt_001879.mvd2 [2016Dec01_OrR_dlg_syp_CB_dorsal_60x],FarRed,RFP,GFP,DAPI,0.13888805165151769,0.4
204530.ome.tiff,2016Dec01_mnt_001879.mvd2 [2016Dec01_OrR_dlg_syp_VNC_dorsal_60x],FarRed,RFP,GFP,DAPI,0.13888805165151769,0.4
205539.ome.tiff,2016Nov21_neu3_001259_ventral repeat.mvd2 [2016Nov21_neu3_001259_YFP_dlg_syp_CB_ventral_60x],FarRed,RFP,GFP,DAPI,0.13888805165151769,0.4
205545.ome.tiff,2016Nov21_neu3_001259_YFP_dlg_cycE_20x.czi,405.00000000000006,561.0,488.00000000000006,0,1.037832280124744,5.0
206151.ome.tiff,2016Dec07_Eaf_000560_YFP_dlg_syp_20x.czi,405.00000000000006,561.0,488.00000000000006,0,1.037832280124744,5.0
206152.ome.tiff,2016Dec07_Rab11_100051_YFP_dlg_syp_20x.czi,405.00000000000006,561.0,488.00000000000006,0,1.037832280124744,5.0
208850.ome.tiff,2016Dec07_eaf_000560.mvd2 [2016Dec07_Eaf_000560_YFP_dlg_syp_CB_calyx_dorsal_60x],FarRed,RFP,GFP,DAPI,0.13888805165151769,0.4
208851.ome.tiff,2016Dec07_eaf_000560.mvd2 [2016Dec07_Eaf_000560_YFP_dlg_syp_OL_dorsal_60x],FarRed,RFP,GFP,DAPI,0.13888805165151769,0.4
208853.ome.tiff,2016Dec07_eaf_000560.mvd2 [2016Dec07_Eaf_000560_YFP_dlg_syp_VNC_dorsal_60x],FarRed,RFP,GFP,DAPI,0.13888805165151769,0.4
208854.ome.tiff,2016Dec07_eaf_000560.mvd2 [2016Dec07_Eaf_000560_YFP_dlg_syp_CB_lobes_ventral_60x],FarRed,RFP,GFP,DAPI,0.13888805165151769,0.4
208855.ome.tiff,2016Dec07_eaf_000560.mvd2 [2016Dec07_Eaf_000560_YFP_dlg_syp_OL_ventral_60x],FarRed,RFP,GFP,DAPI,0.13888805165151769,0.4
208856.ome.tiff,2016Dec07_eaf_000560.mvd2 [2016Dec07_Eaf_000560_YFP_dlg_syp_VNC_ventral_60x],FarRed,RFP,GFP,DAPI,0.13888805165151769,0.4
208857.ome.tiff,2016Dec07_Rab11_100051.mvd2 [2016Dec07_Rab11_100051_YFP_dlg_syp_CB_calyx_dorsal_60x],FarRed,RFP,GFP,DAPI,0.13888805165151769,0.4
208858.ome.tiff,2016Dec07_Rab11_100051.mvd2 [2016Dec07_Rab11_100051_YFP_dlg_syp_OL_dorsal_60x],FarRed,RFP,GFP,DAPI,0.13888805165151769,0.4
208861.ome.tiff,2016Dec07_Rab11_100051.mvd2 [2016Dec07_Rab11_100051_YFP_dlg_syp_CB_lobes_ventral_60x],FarRed,RFP,GFP,DAPI,0.13888805165151769,0.4
208862.ome.tiff,2016Dec07_Rab11_100051.mvd2 [2016Dec07_Rab11_100051_YFP_dlg_syp_OL_ventral_60x],FarRed,RFP,GFP,DAPI,0.13888805165151769,0.4
208863.ome.tiff,2016Dec07_Rab11_100051.mvd2 [2016Dec07_Rab11_100051_YFP_dlg_syp_anlagen_ventral_60x],FarRed,RFP,GFP,DAPI,0.13888805165151769,0.4
209734.ome.tiff,20161214_papla_YFP_dlg_syp_vectinc_20x_ventral.czi,405.00000000000006,561.0,488.00000000000006,0,1.037832280124744,3.0
217278.ome.tiff,2017Jan11_cno_repeat_syp.mvd2 [2017Jan11_cno_syp_YFP_dlg_anlagen_dorsal_60x_2],FarRed,RFP,GFP,DAPI,0.13888805165151769,0.4
225712.ome.tiff,2017Jan13_Top1_002927.mvd2 [2017Jan13_Top1_002927_YFP_syp_dlg_CB_dorsal_60x],FarRed,RFP,GFP,DAPI,0.13888805165151769,0.4
225713.ome.tiff,2017Jan13_Top1_002927.mvd2 [2017Jan13_Top1_002927_YFP_syp_dlg_OL_dorsal_60x],FarRed,RFP,GFP,DAPI,0.13888805165151769,0.4
225714.ome.tiff,2017Jan13_Top1_002927.mvd2 [2017Jan13_Top1_002927_YFP_syp_dlg_inneranlagen_dorsal_60x],FarRed,RFP,GFP,DAPI,0.13888805165151769,0.4
225715.ome.tiff,2017Jan13_Top1_002927.mvd2 [2017Jan13_Top1_002927_YFP_syp_dlg_VNC_dorsal_60x],FarRed,RFP,GFP,DAPI,0.13888805165151769,0.4
225716.ome.tiff,2017Jan13_Top1_002927.mvd2 [2017Jan13_Top1_002927_YFP_syp_dlg_CB_ventral_60x],FarRed,RFP,GFP,DAPI,0.13888805165151769,0.4
225717.ome.tiff,2017Jan13_Top1_002927.mvd2 [2017Jan13_Top1_002927_YFP_syp_dlg_OL_ventral_60x],FarRed,RFP,GFP,DAPI,0.13888805165151769,0.4
225718.ome.tiff,2017Jan13_Top1_002927.mvd2 [2017Jan13_Top1_002927_YFP_syp_dlg_VNC_ventral_60x],FarRed,RFP,GFP,DAPI,0.13888805165151769,0.4
226532.ome.tiff,2017Jan13_Top1_002927_20x_ventral.czi,405.00000000000006,561.0,488.00000000000006,0,1.037832280124744,5.0
240658.ome.tiff,2017Jan19_smd3_100043.mvd2 [2017Jan19_smd3_100043_YFP_syp_dlg_lobe_20x],FarRed,RFP,GFP,DAPI,0.41839539265530395,0.4
240659.ome.tiff,2017Jan19_smd3_100043.mvd2 [2017Jan19_smd3_100043_YFP_syp_dlg_CB_dorsal_60x],FarRed,RFP,GFP,DAPI,0.13888805165151769,0.4
240660.ome.tiff,2017Jan19_smd3_100043.mvd2 [2017Jan19_smd3_100043_YFP_syp_dlg_OL_dorsal_60x],FarRed,RFP,GFP,DAPI,0.13888805165151769,0.4
240661.ome.tiff,2017Jan19_smd3_100043.mvd2 [2017Jan19_smd3_100043_YFP_syp_dlg_anlagen_dorsal_60x],FarRed,RFP,GFP,DAPI,0.13888805165151769,0.4
240662.ome.tiff,2017Jan19_smd3_100043.mvd2 [2017Jan19_smd3_100043_YFP_syp_dlg_VNC_dorsal_60x],FarRed,RFP,GFP,DAPI,0.13888805165151769,0.4
240663.ome.tiff,2017Jan19_smd3_100043.mvd2 [2017Jan19_smd3_100043_YFP_syp_dlg_CB_ventral_60x],FarRed,RFP,GFP,DAPI,0.13888805165151769,0.4
240664.ome.tiff,2017Jan19_smd3_100043.mvd2 [2017Jan19_smd3_100043_YFP_syp_dlg_OL_ventral_60x],FarRed,RFP,GFP,DAPI,0.13888805165151769,0.4
240665.ome.tiff,2017Jan19_smd3_100043.mvd2 [2017Jan19_smd3_100043_YFP_syp_dlg_VNC_ventral_60x],FarRed,RFP,GFP,DAPI,0.13888805165151769,0.4
240666.ome.tiff,2017Jan19_sqd_000239.mvd2 [2017Jan19_sqd_000239_YFP_syp_dlg_20x_upsidedown],FarRed,RFP,GFP,DAPI,0.41839539265530395,0.4
240667.ome.tiff,2017Jan19_sqd_000239.mvd2 [2017Jan19_sqd_000239_YFP_syp_dlg_CB_ventral_60x_upsidedown],FarRed,RFP,GFP,DAPI,0.13888805165151769,0.4
240668.ome.tiff,2017Jan19_sqd_000239.mvd2 [2017Jan19_sqd_000239_YFP_syp_dlg_OL_ventral_60x_upsidedown],FarRed,RFP,GFP,DAPI,0.13888805165151769,0.4
240669.ome.tiff,2017Jan19_sqd_000239.mvd2 [2017Jan19_sqd_000239_YFP_syp_dlg_anlagen_ventral_60x_upsidedown],FarRed,RFP,GFP,DAPI,0.13888805165151769,0.4
240670.ome.tiff,2017Jan19_sqd_000239.mvd2 [2017Jan19_sqd_000239_YFP_syp_dlg_VNC_ventral_60x_upsidedown],FarRed,RFP,GFP,DAPI,0.13888805165151769,0.4
240673.ome.tiff,2017Jan19_Stwl_000263.mvd2 [2017Jan19_Stwl_000263_YFP_syp_dlg_lobe_20x],FarRed,RFP,GFP,DAPI,0.41839539265530395,0.4
240674.ome.tiff,2017Jan19_Stwl_000263.mvd2 [2017Jan19_Stwl_000263_YFP_syp_dlg_CB_dorsal_60x],FarRed,RFP,GFP,DAPI,0.13888805165151769,0.4
240675.ome.tiff,2017Jan19_Stwl_000263.mvd2 [2017Jan19_Stwl_000263_YFP_syp_dlg_OL_dorsal_60x],FarRed,RFP,GFP,DAPI,0.13888805165151769,0.4
240676.ome.tiff,2017Jan19_Stwl_000263.mvd2 [2017Jan19_Stwl_000263_YFP_syp_dlg_anlagen_dorsal_60x],FarRed,RFP,GFP,DAPI,0.13888805165151769,0.4
240677.ome.tiff,2017Jan19_Stwl_000263.mvd2 [2017Jan19_Stwl_000263_YFP_syp_dlg_VNC_dorsal_60x],FarRed,RFP,GFP,DAPI,0.13888805165151769,0.4
240678.ome.tiff,2017Jan19_Stwl_000263.mvd2 [2017Jan19_Stwl_000263_YFP_syp_dlg_CB_ventral_60x],FarRed,RFP,GFP,DAPI,0.13888805165151769,0.4
240679.ome.tiff,2017Jan19_Stwl_000263.mvd2 [2017Jan19_Stwl_000263_YFP_syp_dlg_OL_ventral_60x],FarRed,RFP,GFP,DAPI,0.13888805165151769,0.4
240680.ome.tiff,2017Jan19_Stwl_000263.mvd2 [2017Jan19_Stwl_000263_YFP_syp_dlg_VNC_ventral_60x],FarRed,RFP,GFP,DAPI,0.13888805165151769,0.4
240681.ome.tiff,2017Jan19_Tcp1_000037.mvd2 [2017Jan19_tcp1_000037_YFP_syp_dlg_20x],FarRed,RFP,GFP,DAPI,0.41839539265530395,0.4
240683.ome.tiff,2017Jan19_Tcp1_000037.mvd2 [2017Jan19_tcp1_000037_YFP_syp_dlg_CB_ventral_60x_2],FarRed,RFP,GFP,DAPI,0.13888805165151769,0.4
240684.ome.tiff,2017Jan19_Tcp1_000037.mvd2 [2017Jan19_tcp1_000037_YFP_syp_dlg_OL_ventral_60x],FarRed,RFP,GFP,DAPI,0.13888805165151769,0.4
240685.ome.tiff,2017Jan19_Tcp1_000037.mvd2 [2017Jan19_tcp1_000037_YFP_syp_dlg_VNC_ventral_60x],FarRed,RFP,GFP,DAPI,0.13888805165151769,0.4
240686.ome.tiff,2017Jan19_Tcp1_000037.mvd2 [2017Jan19_tcp1_000037_YFP_syp_dlg_CB_dorsal_60x],FarRed,RFP,GFP,DAPI,0.13888805165151769,0.4
240687.ome.tiff,2017Jan19_Tcp1_000037.mvd2 [2017Jan19_tcp1_000037_YFP_syp_dlg_OL_dorsal_60x],FarRed,RFP,GFP,DAPI,0.13888805165151769,0.4
240688.ome.tiff,2017Jan19_Tcp1_000037.mvd2 [2017Jan19_tcp1_000037_YFP_syp_dlg_anlagen_dorsal_60x],FarRed,RFP,GFP,DAPI,0.13888805165151769,0.4
240689.ome.tiff,2017Jan19_Tcp1_000037.mvd2 [2017Jan19_tcp1_000037_YFP_syp_dlg_VNC_dorsal_60x],FarRed,RFP,GFP,DAPI,0.13888805165151769,0.4
240690.ome.tiff,2017Jan19_Tcp1_000037.mvd2 [2017Jan19_tcp1_000037_YFP_syp_dlg_OrR_CB_60x],FarRed,RFP,GFP,DAPI,0.13888805165151769,0.4
244021.ome.tiff,2017Feb07_Flo-2_001427.mvd2 [2017Feb07_Flo-2_0001427_newdlg_syp_CB_ventral_60x_squashed],FarRed,RFP,GFP,DAPI,0.13888805165151769,0.4
244022.ome.tiff,2017Feb07_Flo-2_001427.mvd2 [2017Feb07_Flo-2_0001427_newdlg_syp_OL_ventral_60x_squashed],FarRed,RFP,GFP,DAPI,0.13888805165151769,0.4
244023.ome.tiff,2017Feb07_Flo-2_001427.mvd2 [2017Feb07_Flo-2_0001427_newdlg_syp_VNC_ventral_60x_squashed],FarRed,RFP,GFP,DAPI,0.13888805165151769,0.4
244024.ome.tiff,2017Feb07_Flo-2_001427.mvd2 [2017Feb07_Flo-2_0001427_newdlg_syp_CB_dorsal_60x_squashed],FarRed,RFP,GFP,DAPI,0.13888805165151769,0.4
244025.ome.tiff,2017Feb07_Flo-2_001427.mvd2 [2017Feb07_Flo-2_0001427_newdlg_syp_OL_dorsal_60x_squashed],FarRed,RFP,GFP,DAPI,0.13888805165151769,0.4
244026.ome.tiff,2017Feb07_Flo-2_001427.mvd2 [2017Feb07_Flo-2_0001427_newdlg_syp_VNC_dorsal_60x_squashed],FarRed,RFP,GFP,DAPI,0.13888805165151769,0.4
244027.ome.tiff,2017Feb07_gish_different_002023.mvd2 [2017Feb07_Gish_different_002023_YFP_newdlg_syp_CB_dorsal_60x],FarRed,RFP,GFP,DAPI,0.13888805165151769,0.4
244028.ome.tiff,2017Feb07_gish_different_002023.mvd2 [2017Feb07_Gish_different_002023_YFP_newdlg_syp_OL_dorsal_60x],FarRed,RFP,GFP,DAPI,0.13888805165151769,0.4
244029.ome.tiff,2017Feb07_gish_different_002023.mvd2 [2017Feb07_Gish_different_002023_YFP_newdlg_syp_VNC_dorsal_60x],FarRed,RFP,GFP,DAPI,0.13888805165151769,0.4
244030.ome.tiff,2017Feb07_gish_different_002023.mvd2 [2017Feb07_Gish_different_002023_YFP_newdlg_syp_CB_dorsal_lobes?_60x],FarRed,RFP,GFP,DAPI,0.13888805165151769,0.4
244031.ome.tiff,2017Feb07_gish_different_002023.mvd2 [2017Feb07_Gish_different_002023_YFP_newdlg_syp_VNC_dorsal_NBs?_60x],FarRed,RFP,GFP,DAPI,0.13888805165151769,0.4
244032.ome.tiff,2017Feb07_gish_different_002023.mvd2 [2017Feb07_Gish_different_002023_YFP_newdlg_syp_OL_dorsal_NP_60x],FarRed,RFP,GFP,DAPI,0.13888805165151769,0.4
244035.ome.tiff,2017Feb07_Jupiter_003917.mvd2 [2017Feb07_Jupiter_003917_YFP_newdlg_syp_CB_ventral_60x],FarRed,RFP,GFP,DAPI,0.13888805165151769,0.4
244036.ome.tiff,2017Feb07_Jupiter_003917.mvd2 [2017Feb07_Jupiter_003917_YFP_newdlg_syp_OL_ventral_60x],FarRed,RFP,GFP,DAPI,0.13888805165151769,0.4
244037.ome.tiff,2017Feb07_Jupiter_003917.mvd2 [2017Feb07_Jupiter_003917_YFP_newdlg_syp_anlagen_ventral_60x],FarRed,RFP,GFP,DAPI,0.13888805165151769,0.4
244038.ome.tiff,2017Feb07_Jupiter_003917.mvd2 [2017Feb07_Jupiter_003917_YFP_newdlg_syp_VNC_ventral_60x],FarRed,RFP,GFP,DAPI,0.13888805165151769,0.4
244039.ome.tiff,2017Feb07_Jupiter_003917.mvd2 [2017Feb07_Jupiter_003917_YFP_newdlg_syp_CB_dorsal_60x],FarRed,RFP,GFP,DAPI,0.13888805165151769,0.4
244040.ome.tiff,2017Feb07_Jupiter_003917.mvd2 [2017Feb07_Jupiter_003917_YFP_newdlg_syp_OL_dorsal_60x],FarRed,RFP,GFP,DAPI,0.13888805165151769,0.4
244041.ome.tiff,2017Feb07_Jupiter_003917.mvd2 [2017Feb07_Jupiter_003917_YFP_newdlg_syp_VNC_dorsal_60x],FarRed,RFP,GFP,DAPI,0.13888805165151769,0.4
244042.ome.tiff,2017Feb07_Jupiter_003917.mvd2 [2017Feb07_OrR_newdlg_syp_CB_dorsal_60x],FarRed,RFP,GFP,DAPI,0.13888805165151769,0.4
244523.ome.tiff,2017Feb10_Mew_001678.mvd2 [2017Feb10_Mew_001678_YFP_syp_dlg_CB_dorsal_60x],FarRed,RFP,GFP,DAPI,0.13888805165151769,0.4
244525.ome.tiff,2017Feb10_Mew_001678.mvd2 [2017Feb10_Mew_001678_YFP_syp_dlg_anlagen_dorsal_60x],FarRed,RFP,GFP,DAPI,0.13888805165151769,0.4
244526.ome.tiff,2017Feb10_Mew_001678.mvd2 [2017Feb10_Mew_001678_YFP_syp_dlg_VNC_centre_dorsal_60x],FarRed,RFP,GFP,DAPI,0.13888805165151769,0.4
244531.ome.tiff,2017Feb10_Mew_001678.mvd2 [2017Feb10_OrR_syp_dlg_OL_dorsal_60x],FarRed,RFP,GFP,DAPI,0.13888805165151769,0.4
244625.ome.tiff,2017Feb09_Flo-2_001427_YFP_dlg_syp_20x.czi,405.00000000000006,561.0,488.00000000000006,0,1.037832280124744,5.0
244627.ome.tiff,2017Feb09_gish_002023_new_YFP_dlg_syp_20x.czi,405.00000000000006,561.0,488.00000000000006,0,1.037832280124744,5.0
244628.ome.tiff,2017Feb09_Jupiter_003917_YFP_syp_dlg_20x.czi,405.00000000000006,561.0,488.00000000000006,0,1.037832280124744,5.0
244631.ome.tiff,2017Feb09_OrR_dlg_syp_20x.czi,405.00000000000006,561.0,488.00000000000006,0,1.037832280124744,5.0
245919.ome.tiff,2017feb14_Moca-cyp_000049.mvd2 [2017Feb14_OrR_dlg_syp_VNC_ventral_60x],FarRed,RFP,GFP,DAPI,0.13888805165151769,0.4
318110.ome.tiff,20170830_4152.mvd2 [20170830_4152_1_brain],Far-Red 7,GFP,RFP,DAPI,0.13888805165151769,0.4
318111.ome.tiff,20170830_4152.mvd2 [20170830_4152_1_mb],Far-Red 7,GFP,RFP,DAPI,0.13888805165151769,0.4
406874.ome.tiff,20171123.mvd2 [2017nov23_OrR_YFP_DAPI_DLG_SYP_60x_mb_lobes],Cy5,GFP,RFP,DAPI,0.13888805165151769,0.2
406875.ome.tiff,20171123.mvd2 [2017nov23_OrR_YFP_DAPI_DLG_SYP_60x_mb_calyx],Cy5,GFP,RFP,DAPI,0.13888805165151769,0.2
406876.ome.tiff,20171123.mvd2 [2017nov23_OrR_YFP_DAPI_DLG_SYP_60x_cb_anlagen],Cy5,GFP,RFP,DAPI,0.13888805165151769,0.2
406877.ome.tiff,20171123.mvd2 [2017nov23_OrR_YFP_DAPI_DLG_SYP_60x_cb_nbs],Cy5,GFP,RFP,DAPI,0.13888805165151769,0.2
406879.ome.tiff,20171123.mvd2 [2017nov23_OrR_YFP_DAPI_DLG_SYP_60x_OL],Cy5,GFP,RFP,DAPI,0.13888805165151769,0.2
406880.ome.tiff,20171123.mvd2 [2017nov23_CPTI-002636_YFP_DAPI_DLG_SYP_60x_mb_calyx],Cy5,GFP,RFP,DAPI,0.13888805165151769,0.2
406881.ome.tiff,20171123.mvd2 [2017nov23_CPTI-002636_YFP_DAPI_DLG_SYP_60x_CB_anlagen],Cy5,GFP,RFP,DAPI,0.13888805165151769,0.2
406882.ome.tiff,20171123.mvd2 [2017nov23_CPTI-002636_YFP_DAPI_DLG_SYP_60x_CB_nbs],Cy5,GFP,RFP,DAPI,0.13888805165151769,0.2
406885.ome.tiff,20171123.mvd2 [2017nov23_CPTI-002636_YFP_DAPI_DLG_SYP_60x_mb_lobes],Cy5,GFP,RFP,DAPI,0.13888805165151769,0.2
406887.ome.tiff,20171123.mvd2 [2017nov23_CPTI-002636_YFP_DAPI_DLG_SYP_60x_ol2],Cy5,GFP,RFP,DAPI,0.13888805165151769,0.2
406893.ome.tiff,20171121.mvd2 [2017nov21_CPTI001039_YFP_DAPI_DLG_SYP_60x_mb_calyx],Cy5,GFP,RFP,DAPI,0.13888805165151769,0.2
406894.ome.tiff,20171121.mvd2 [2017nov21_CPTI001039_YFP_DAPI_DLG_SYP_60x_cb_anlagen],Cy5,GFP,RFP,DAPI,0.13888805165151769,0.2
406895.ome.tiff,20171121.mvd2 [2017nov21_CPTI001039_YFP_DAPI_DLG_SYP_60x_cb_nbs],Cy5,GFP,RFP,DAPI,0.13888805165151769,0.2
406896.ome.tiff,20171121.mvd2 [2017nov21_CPTI001039_YFP_DAPI_DLG_SYP_60x_OL],Cy5,GFP,RFP,DAPI,0.13888805165151769,0.2
406898.ome.tiff,20171121.mvd2 [2017nov21_CPTI001039_YFP_DAPI_DLG_SYP_60x_mb_lobes],Cy5,GFP,RFP,DAPI,0.13888805165151769,0.2
406899.ome.tiff,20171121.mvd2 [2017nov21_OrR_YFP_DAPI_DLG_SYP_60x_mb_calyx],Cy5,GFP,RFP,DAPI,0.13888805165151769,0.2
406900.ome.tiff,20171121.mvd2 [2017nov21_OrR_YFP_DAPI_DLG_SYP_60x_mb_lobes 2],Cy5,GFP,RFP,DAPI,0.13888805165151769,0.2
406901.ome.tiff,20171121.mvd2 [2017nov21_OrR_YFP_DAPI_DLG_SYP_60x_cb_anlagen],Cy5,GFP,RFP,DAPI,0.13888805165151769,0.2
406902.ome.tiff,20171121.mvd2 [2017nov21_OrR_YFP_DAPI_DLG_SYP_60x_cb_nbs],Cy5,GFP,RFP,DAPI,0.13888805165151769,0.2
406903.ome.tiff,20171121.mvd2 [2017nov21_OrR_YFP_DAPI_DLG_SYP_60x_OL],Cy5,GFP,RFP,DAPI,0.13888805165151769,0.2
407225.ome.tiff,2017nov24_CPTI0002636_YFP_DAPI_SYP_DLG_20x_0001.oir,420.0,570.0,500.0,0,1.242961138804478,3.0
409368.ome.tiff,20171129.mvd2 [2017nov29_CPTI002315_YFP_DAPI_DLG_SYP_60x_mb_lobes],Cy5,GFP,RFP,DAPI,0.13888805165151769,0.2
409370.ome.tiff,20171129.mvd2 [2017nov29_CPTI002315_YFP_DAPI_DLG_SYP_60x_mb_calyx],Cy5,GFP,RFP,DAPI,0.13888805165151769,0.2
409371.ome.tiff,20171129.mvd2 [2017nov29_CPTI002315_YFP_DAPI_DLG_SYP_60x_cb_anlagen],Cy5,GFP,RFP,DAPI,0.13888805165151769,0.2
409372.ome.tiff,20171129.mvd2 [2017nov29_CPTI002315_YFP_DAPI_DLG_SYP_60x_cb_nbs],Cy5,GFP,RFP,DAPI,0.13888805165151769,0.2
409373.ome.tiff,20171129.mvd2 [2017nov29_CPTI002315_YFP_DAPI_DLG_SYP_60x_OL],Cy5,GFP,RFP,DAPI,0.13888805165151769,0.2
409375.ome.tiff,20171129.mvd2 [2017nov29_OrR_YFP_DAPI_DLG_SYP_60x_mb_calyx],Cy5,GFP,RFP,DAPI,0.13888805165151769,0.2
409376.ome.tiff,20171129.mvd2 [2017nov29_OrR_YFP_DAPI_DLG_SYP_60x_cb_anlagen],Cy5,GFP,RFP,DAPI,0.13888805165151769,0.2
409377.ome.tiff,20171129.mvd2 [2017nov29_OrR_YFP_DAPI_DLG_SYP_60x_cb_nbs],Cy5,GFP,RFP,DAPI,0.13888805165151769,0.2
409378.ome.tiff,20171129.mvd2 [2017nov29_OrR_YFP_DAPI_DLG_SYP_60x_ol 2],Cy5,GFP,RFP,DAPI,0.13888805165151769,0.2
409380.ome.tiff,20171129.mvd2 [2017nov29_OrR_YFP_DAPI_DLG_SYP_60x_mb_lobes],Cy5,GFP,RFP,DAPI,0.13888805165151769,0.2
409402.ome.tiff,20171130.mvd2 [2017nov30_CPTI-001993_YFP_DAPI_DLG_SYP_60x_mb_calyx],Cy5,GFP,RFP,DAPI,0.13888805165151769,0.2
409403.ome.tiff,20171130.mvd2 [2017nov30_CPTI-001993_YFP_DAPI_DLG_SYP_60x_cb_nbs],Cy5,GFP,RFP,DAPI,0.13888805165151769,0.2
409404.ome.tiff,20171130.mvd2 [2017nov30_CPTI-001993_YFP_DAPI_DLG_SYP_60x_cb_anlagen],Cy5,GFP,RFP,DAPI,0.13888805165151769,0.2
409405.ome.tiff,20171130.mvd2 [2017nov30_CPTI-001993_YFP_DAPI_DLG_SYP_60x_OL],Cy5,GFP,RFP,DAPI,0.13888805165151769,0.2
409408.ome.tiff,20171130.mvd2 [2017nov30_CPTI-001993_YFP_DAPI_DLG_SYP_60x_mb_lobes 2],Cy5,GFP,RFP,DAPI,0.13888805165151769,0.2
409409.ome.tiff,20171130.mvd2 [2017nov30_OrR_YFP_DAPI_DLG_SYP_60x_mb_calyx],Cy5,GFP,RFP,DAPI,0.13888805165151769,0.2
409410.ome.tiff,20171130.mvd2 [2017nov30_OrR_YFP_DAPI_DLG_SYP_60x_cb_nbs],Cy5,GFP,RFP,DAPI,0.13888805165151769,0.2
409411.ome.tiff,20171130.mvd2 [2017nov30_OrR_YFP_DAPI_DLG_SYP_60x_cb_anlagen],Cy5,GFP,RFP,DAPI,0.13888805165151769,0.2
409414.ome.tiff,20171130.mvd2 [2017nov30_OrR_YFP_DAPI_DLG_SYP_60x_mb_lobes],Cy5,GFP,RFP,DAPI,0.13888805165151769,0.2
547899.ome.tiff,20180810_OrR_dorsal.oir,430.0,650.0,500.0,570.0,0.103580094900373,1.0
547900.ome.tiff,20180810_OrR_ventral.oir,430.0,650.0,500.0,570.0,0.103580094900373,1.0
547902.ome.tiff,20180810_CPTI003100_p3_ventral.oir,430.0,650.0,500.0,570.0,0.103580094900373,1.0
547903.ome.tiff,20180810_CPTI003100_p4_VNC.oir,430.0,650.0,500.0,570.0,0.103580094900373,1.0
547904.ome.tiff,20180810_CPTI003100_p2_dorsal.oir,430.0,650.0,500.0,570.0,0.103580094900373,1.0
547905.ome.tiff,20180810_CPTI001771_p4_dorsal.oir,430.0,650.0,500.0,570.0,0.103580094900373,1.0
547906.ome.tiff,20180810_CPTI001771_p2_ventral.oir,430.0,650.0,500.0,570.0,0.103580094900373,1.0
547907.ome.tiff,20180810_CPTI001771_p3_VNC.oir,430.0,650.0,500.0,570.0,0.103580094900373,1.0
547908.ome.tiff,20180810_CPTI001586_p1_dorsal.oir,430.0,650.0,500.0,570.0,0.103580094900373,1.0
547909.ome.tiff,20180810_CPTI001586_p3_ventral.oir,430.0,650.0,500.0,570.0,0.103580094900373,1.0
547910.ome.tiff,20180810_CPTI001586_p3_VNC.oir,430.0,650.0,500.0,570.0,0.103580094900373,1.0
547911.ome.tiff,20180810_CPTI001308_dorsal.oir,430.0,650.0,500.0,570.0,0.103580094900373,1.0
547912.ome.tiff,20180810_CPTI001308_ventral.oir,430.0,650.0,500.0,570.0,0.103580094900373,1.0
547913.ome.tiff,20180810_CPTI001308_VNC.oir,430.0,650.0,500.0,570.0,0.103580094900373,1.0
547915.ome.tiff,20180810_CPTI003100_20x_overview.oir,430.0,650.0,500.0,570.0,0.621480569402239,2.5
547916.ome.tiff,20180810_CPTI001771_20x_overview.oir,430.0,650.0,500.0,570.0,0.621480569402239,2.5
547917.ome.tiff,20180810_CPTI001586_20x_overview.oir,430.0,650.0,500.0,570.0,0.621480569402239,2.5
547918.ome.tiff,20180810_CPTI001308_overview.oir,430.0,650.0,500.0,570.0,0.621480569402239,2.5
